zone_pct,htf_rule,rr1,rr2,score_threshold,sl_method,tp2_enabled,use_htf_filter,num_trades,round_trips,win_rate,total_pnl_pct,profit_factor,cagr_pct,max_dd_pct,positive_years,years_present,years
0.2,4h,1.0,2.0,3,Swing,True,True,1310,826,58.3206106870229,-0.8431773792351206,0.9718876463489483,-0.18154842740660815,-3.5986946522210213,3,5,4.659822039698836
0.2,4h,1.0,2.0,3,Swing,True,False,3487,2296,52.62403211930026,-20.00388614967435,0.7556008501755854,-4.674135443347549,-20.631628120532614,0,5,4.662559890485968
0.2,4h,1.0,2.0,3,Swing,False,True,910,910,52.52747252747253,-3.1740945613985874,0.884553724069183,-0.6898166589865751,-5.062977976669729,1,5,4.659822039698836
0.2,4h,1.0,2.0,3,Swing,False,False,2708,2708,46.75036927621861,-23.601819098501537,0.7086971555634558,-5.610367813860173,-24.268210280817588,0,5,4.662559890485968
0.2,4h,1.0,2.0,3,ATR,True,True,1398,884,61.80257510729614,1.2524286380381704,1.0464749796517576,0.2674596461903711,-2.1727557951349548,4,5,4.659822039698836
0.2,4h,1.0,2.0,3,ATR,True,False,3953,2641,54.89501644320769,-22.971719610142898,0.7351235444141505,-5.443940824285976,-23.23515051452472,0,5,4.662559890485968
0.2,4h,1.0,2.0,3,ATR,False,True,946,946,56.02536997885835,-1.3095154949956282,0.9447275032014764,-0.28247915593132555,-2.7538157206766343,2,5,4.659822039698836
0.2,4h,1.0,2.0,3,ATR,False,False,2883,2883,48.838015955601804,-26.84181228812716,0.6628165187819144,-6.483581146723427,-27.016015626984753,0,5,4.662559890485968
0.2,4h,1.5,3.0,3,Swing,True,True,1102,758,50.544464609800364,-0.8622021644280241,0.9742371767875005,-0.18565870716439337,-3.4588987349686655,2,5,4.659822039698836
0.2,4h,1.5,3.0,3,Swing,True,False,2773,1996,44.42841687702849,-20.146209925659818,0.7590738931712203,-4.71645213791586,-20.489573149246613,0,5,4.657084188911704
0.2,4h,1.5,3.0,3,Swing,False,True,866,866,44.1108545034642,-1.2307644208569075,0.9615743928577273,-0.2654086143478396,-5.079557484635683,4,5,4.659822039698836
0.2,4h,1.5,3.0,3,Swing,False,False,2519,2519,38.07066296149266,-20.9374459809186,0.770134657096725,-4.9138307563729615,-22.104765405236318,0,5,4.662559890485968
0.2,4h,1.5,3.0,3,ATR,True,True,1233,832,53.36577453365775,2.706118648838586,1.087443901852679,0.5746604711771575,-2.1544738396188667,4,5,4.659822039698836
0.2,4h,1.5,3.0,3,ATR,True,False,3387,2413,46.47180395630352,-20.376781526376504,0.7834002416149259,-4.76961294375352,-20.85233912006607,0,5,4.662559890485968
0.2,4h,1.5,3.0,3,ATR,False,True,904,904,46.792035398230084,-0.45075181161525135,0.9843407164720701,-0.09690323605532347,-2.4135154584081056,3,5,4.659822039698836
0.2,4h,1.5,3.0,3,ATR,False,False,2756,2756,39.58635703918723,-23.537072481621607,0.7435765432913255,-5.593216814846535,-23.878985275589304,0,5,4.662559890485968
0.2,4h,2.0,4.0,3,Swing,True,True,1010,724,45.54455445544555,1.498863138036036,1.043504285556933,0.31959209197351957,-2.6495122062076453,4,5,4.662559890485968
0.2,4h,2.0,4.0,3,Swing,True,False,2387,1798,39.75701717637202,-17.193086805639386,0.796058520297412,-3.965992671231977,-18.368603359180067,0,5,4.662559890485968
0.2,4h,2.0,4.0,3,Swing,False,True,828,828,38.526570048309175,0.026754187259352302,1.0007598163789655,0.0057408580384610275,-3.8140820435748415,3,5,4.659822039698836
0.2,4h,2.0,4.0,3,Swing,False,False,2300,2300,32.26086956521739,-20.789939339506475,0.7785729156832996,-4.875810445896189,-21.98995323345019,0,5,4.662559890485968
0.2,4h,2.0,4.0,3,ATR,True,True,1130,796,47.61061946902655,4.829489869742596,1.1454469175250308,1.0167010892944806,-1.7784682100409919,4,5,4.662559890485968
0.2,4h,2.0,4.0,3,ATR,True,False,2916,2174,40.98079561042524,-15.589152605283846,0.836909230567539,-3.56952482349,-16.117538176580833,0,5,4.662559890485968
0.2,4h,2.0,4.0,3,ATR,False,True,886,886,40.85778781038375,3.0571793963416445,1.095552327067196,0.6483359629857022,-1.9138458392685551,4,5,4.659822039698836
0.2,4h,2.0,4.0,3,ATR,False,False,2650,2650,33.24528301886793,-20.887333980298784,0.7910884419233255,-4.90090798258419,-21.311424328501243,0,5,4.662559890485968
0.2,4h,1.0,2.0,4,Swing,True,True,916,571,58.18777292576419,0.8833803642944116,1.0424461124877753,0.18891963982476945,-2.0542439408499455,2,5,4.659822039698836
0.2,4h,1.0,2.0,4,Swing,True,False,2468,1623,52.188006482982175,-11.578700862940766,0.8211082156767417,-2.606250944410815,-14.888871588168644,1,5,4.659822039698836
0.2,4h,1.0,2.0,4,Swing,False,True,607,607,52.55354200988468,-1.0218726119364865,0.9448718919275425,-0.22017973733639007,-3.557290587737557,1,5,4.659822039698836
0.2,4h,1.0,2.0,4,Swing,False,False,1848,1848,46.807359307359306,-13.661177985758108,0.7743842475642857,-3.103117815299239,-16.323075563255816,0,5,4.659822039698836
0.2,4h,1.0,2.0,4,ATR,True,True,954,602,61.111111111111114,0.7228551763628256,1.0390621289761168,0.15468659963449038,-1.5772815459101992,2,5,4.659822039698836
0.2,4h,1.0,2.0,4,ATR,True,False,2784,1856,55.35201149425287,-14.04858315939338,0.7802341174931642,-3.1965865564922313,-14.355752220526883,0,5,4.659822039698836
0.2,4h,1.0,2.0,4,ATR,False,True,631,631,56.25990491283677,-0.3411583878896588,0.9782719052193337,-0.07331103520422655,-1.6003225753554138,2,5,4.659822039698836
0.2,4h,1.0,2.0,4,ATR,False,False,1970,1970,49.59390862944162,-15.698027920803323,0.7248636312860608,-3.598288824248441,-16.106302423118642,0,5,4.659822039698836
0.2,4h,1.5,3.0,4,Swing,True,True,782,537,50.38363171355499,0.3981540037298782,1.0164570121958447,0.085310756024648,-2.4758466594550095,3,5,4.659822039698836
0.2,4h,1.5,3.0,4,Swing,True,False,2016,1453,44.642857142857146,-11.310222806388524,0.8328080596641387,-2.542864492739305,-14.035129131872242,1,5,4.659822039698836
0.2,4h,1.5,3.0,4,Swing,False,True,587,587,43.441226575809196,-0.45989245633785375,0.9796550890128477,-0.09887186616998056,-2.684430054423896,2,5,4.659822039698836
0.2,4h,1.5,3.0,4,Swing,False,False,1739,1739,37.83783783783784,-12.740009911413978,0.8181329953719404,-2.8821844450452216,-15.21425530698082,1,5,4.659822039698836
0.2,4h,1.5,3.0,4,ATR,True,True,854,578,52.341920374707264,1.5397977400416973,1.0712411199017395,0.32846132839323694,-1.4078794752551111,3,5,4.659822039698836
0.2,4h,1.5,3.0,4,ATR,True,False,2415,1729,46.00414078674948,-14.522306210045222,0.7935700616062099,-3.3113318458674934,-15.039280488369094,0,5,4.659822039698836
0.2,4h,1.5,3.0,4,ATR,False,True,615,615,46.99186991869919,0.8480945481125657,1.043736225614399,0.18139838047870338,-1.4214390101793013,2,5,4.659822039698836
0.2,4h,1.5,3.0,4,ATR,False,False,1914,1914,39.759665621734584,-14.125712594384208,0.7899800714195994,-3.215234955268498,-14.58618511863787,0,5,4.659822039698836
0.2,4h,2.0,4.0,4,Swing,True,True,711,514,44.303797468354425,0.7112473948186468,1.0282452974036271,0.15212005863469713,-2.711254754248145,2,5,4.662559890485968
0.2,4h,2.0,4.0,4,Swing,True,False,1688,1275,39.27725118483412,-7.724903930356166,0.8833233380228723,-1.7095058660720808,-11.295482857403877,2,5,4.662559890485968
0.2,4h,2.0,4.0,4,Swing,False,True,571,571,38.17863397548161,1.8626144099117634,1.0757520740757822,0.3968261932372208,-2.290875970250493,3,5,4.659822039698836
0.2,4h,2.0,4.0,4,Swing,False,False,1626,1626,31.918819188191883,-9.810427601785786,0.8695419872192871,-2.1915161462378707,-14.496864841869147,1,5,4.659822039698836
0.2,4h,2.0,4.0,4,ATR,True,True,794,565,46.34760705289673,2.0247625490478045,1.086086109059118,0.43084742989409897,-1.4999081935816125,2,5,4.662559890485968
0.2,4h,2.0,4.0,4,ATR,True,False,2140,1599,40.70093457943925,-11.574962333455858,0.8388400058523475,-2.603857481238381,-11.918041960840243,0,5,4.662559890485968
0.2,4h,2.0,4.0,4,ATR,False,True,603,603,40.13266998341625,1.6233580012965314,1.0736268714961148,0.34617375293763963,-1.7090356968800402,2,5,4.659822039698836
0.2,4h,2.0,4.0,4,ATR,False,False,1860,1860,33.655913978494624,-12.339484718020838,0.8323466290379756,-2.786693351487979,-12.631829847682782,0,5,4.659822039698836
0.2,4h,1.0,2.0,5,Swing,True,True,365,230,59.726027397260275,1.7741983886856951,1.245620350016593,0.37990780296941473,-0.6251717076806997,4,5,4.63791923340178
0.2,4h,1.0,2.0,5,Swing,True,False,1185,785,53.333333333333336,-4.845614474313768,0.8383654498835141,-1.0614898810826223,-5.028359994443625,1,5,4.654346338124572
0.2,4h,1.0,2.0,5,Swing,False,True,233,233,52.36051502145923,0.5097522925531394,1.0821733883608589,0.10969062688070963,-0.8199795877300313,2,5,4.63791923340178
0.2,4h,1.0,2.0,5,Swing,False,False,818,818,46.82151589242054,-6.713924847270189,0.7493329139480206,-1.4821205519705893,-6.824837782356457,0,5,4.654346338124572
0.2,4h,1.0,2.0,5,ATR,True,True,369,234,60.70460704607046,0.3558870987540068,1.0523736174202325,0.07662733980735581,-1.3255293104825692,3,5,4.63791923340178
0.2,4h,1.0,2.0,5,ATR,True,False,1247,826,55.894145950280674,-4.000038931375125,0.8592971669100364,-0.8732461346076525,-4.127273188937976,1,5,4.654346338124572
0.2,4h,1.0,2.0,5,ATR,False,True,236,236,54.23728813559322,-0.5299262735466252,0.9091035149654524,-0.11449770789621061,-1.4331914907799221,2,5,4.63791923340178
0.2,4h,1.0,2.0,5,ATR,False,False,841,841,49.70273483947681,-5.370184353374848,0.7831271857765806,-1.1789318108935465,-5.522282372985307,0,5,4.654346338124572
0.2,4h,1.5,3.0,5,Swing,True,True,326,223,53.37423312883436,3.0437027092758124,1.3590065224170773,0.648569638159957,-1.569864083814399,5,5,4.63791923340178
0.2,4h,1.5,3.0,5,Swing,True,False,1037,742,45.61234329797493,-3.2999713000528628,0.8998007361007812,-0.7183782260004712,-3.950521862896477,1,5,4.654346338124572
0.2,4h,1.5,3.0,5,Swing,False,True,231,231,44.15584415584416,1.342007711847855,1.1756925646526986,0.28784464922548825,-0.9115060473726323,4,5,4.63791923340178
0.2,4h,1.5,3.0,5,Swing,False,False,798,798,38.847117794486216,-3.9982625240691902,0.8711112931429849,-0.8728520399691408,-4.136546784357693,1,5,4.654346338124572
0.2,4h,1.5,3.0,5,ATR,True,True,341,233,54.252199413489734,1.4030713487181188,1.1754951906633602,0.30087078717231375,-1.2860803467577624,4,5,4.63791923340178
0.2,4h,1.5,3.0,5,ATR,True,False,1133,805,45.98411297440423,-4.142554494603574,0.8735536205790584,-0.9048817783934626,-4.414704917501046,1,5,4.654346338124572
0.2,4h,1.5,3.0,5,ATR,False,True,236,236,45.76271186440678,0.13607430410114785,1.0190346205574783,0.029323870612341096,-1.3278781610192751,4,5,4.63791923340178
0.2,4h,1.5,3.0,5,ATR,False,False,832,832,40.38461538461539,-4.043670951710014,0.8626914013225836,-0.8829276637421946,-4.262472925430028,1,5,4.654346338124572
0.2,4h,2.0,4.0,5,Swing,True,True,300,212,47.333333333333336,2.9777347676862194,1.3280133119558244,0.6346731528333427,-1.794792645630304,4,5,4.63791923340178
0.2,4h,2.0,4.0,5,Swing,True,False,914,686,38.51203501094092,-4.454496466500327,0.8675455438687818,-0.9742558314298266,-4.571554596073069,1,5,4.654346338124572
0.2,4h,2.0,4.0,5,Swing,False,True,230,230,42.608695652173914,3.2042795551640886,1.3878175100471966,0.6823668310578235,-1.3232280745038498,5,5,4.63791923340178
0.2,4h,2.0,4.0,5,Swing,False,False,785,785,33.2484076433121,-3.388477868100338,0.9009283102643122,-0.737908807197718,-3.9681358706161136,1,5,4.654346338124572
0.2,4h,2.0,4.0,5,ATR,True,True,328,230,49.69512195121951,2.101868059676458,1.2433310359193137,0.4495022337278165,-1.464474457006262,4,5,4.63791923340178
0.2,4h,2.0,4.0,5,ATR,True,False,1036,770,40.54054054054054,-3.8247874029939912,0.8894490001656079,-0.8343942642622948,-3.9903416311124067,1,5,4.654346338124572
0.2,4h,2.0,4.0,5,ATR,False,True,234,234,42.73504273504273,1.6709531782982623,1.2178626228475808,0.3579429301323822,-1.4173518516507857,4,5,4.63791923340178
0.2,4h,2.0,4.0,5,ATR,False,False,826,826,34.74576271186441,-2.608351884177698,0.9200534375357385,-0.566241241467369,-2.7148382354830356,1,5,4.654346338124572
0.3,4h,1.0,2.0,3,Swing,True,True,1341,852,58.314690529455625,0.7933279135862895,1.0261329042067033,0.1697206417901942,-2.2931817694158934,2,5,4.659822039698836
0.3,4h,1.0,2.0,3,Swing,True,False,3544,2338,52.426636568848764,-20.015032047079174,0.7594552240868725,-4.676984205877321,-20.349685749168575,0,5,4.662559890485968
0.3,4h,1.0,2.0,3,Swing,False,True,932,932,52.14592274678112,-2.0095819210306565,0.9271102871718288,-0.43470182550121583,-3.560968793679903,2,5,4.659822039698836
0.3,4h,1.0,2.0,3,Swing,False,False,2770,2770,46.85920577617328,-23.496777484392002,0.7119210093012864,-5.582548664856524,-23.727669541529806,0,5,4.662559890485968
0.3,4h,1.0,2.0,3,ATR,True,True,1440,911,62.22222222222222,2.287016526198033,1.0845980462925378,0.48644599550629053,-1.9856593248002683,4,5,4.659822039698836
0.3,4h,1.0,2.0,3,ATR,True,False,3992,2674,54.55911823647295,-22.831152631240165,0.7377136896498242,-5.406959113527032,-23.152487374286643,0,5,4.662559890485968
0.3,4h,1.0,2.0,3,ATR,False,True,973,973,56.93730729701952,0.006707197635894503,1.0002847965112869,0.0014393298551462763,-2.3434550406531858,3,5,4.659822039698836
0.3,4h,1.0,2.0,3,ATR,False,False,2906,2906,48.3826565726084,-26.842962698212524,0.6646437417962455,-6.483896542496225,-27.07623812630092,0,5,4.662559890485968
0.3,4h,1.5,3.0,3,Swing,True,True,1147,785,51.089799476896246,2.146829055514723,1.0639562832606835,0.4568753563253036,-2.2160068956671517,3,5,4.659822039698836
0.3,4h,1.5,3.0,3,Swing,True,False,2818,2027,44.74804826117814,-19.125036733763903,0.7739269426349282,-4.450486883148519,-19.641651904399893,0,5,4.662559890485968
0.3,4h,1.5,3.0,3,Swing,False,True,897,897,44.3701226309922,1.4097715794932602,1.0437325006056246,0.30087665981577416,-3.0674870771994325,4,5,4.659822039698836
0.3,4h,1.5,3.0,3,Swing,False,False,2575,2575,37.8252427184466,-21.27942315223821,0.7705270104356471,-5.002191280581769,-21.898123988367626,0,5,4.662559890485968
0.3,4h,1.5,3.0,3,ATR,True,True,1284,866,54.04984423676012,4.281762118591111,1.1374026904329597,0.9038002184097449,-1.9832945823825312,4,5,4.659822039698836
0.3,4h,1.5,3.0,3,ATR,True,False,3398,2436,45.938787522071806,-20.981038592398953,0.7753978425851383,-4.925077558267654,-21.513241008521792,0,5,4.662559890485968
0.3,4h,1.5,3.0,3,ATR,False,True,938,938,47.01492537313433,1.6243830841487803,1.0562128007879426,0.3463909706287849,-2.05890843685933,4,5,4.659822039698836
0.3,4h,1.5,3.0,3,ATR,False,False,2797,2797,39.041830532713625,-23.589186590979224,0.7441730643495881,-5.607020640431015,-24.02391296603912,0,5,4.662559890485968
0.3,4h,2.0,4.0,3,Swing,True,True,1047,747,46.13180515759313,3.9158079081739303,1.112059020243514,0.8272172217469453,-2.3377252688007433,4,5,4.662559890485968
0.3,4h,2.0,4.0,3,Swing,True,False,2406,1797,40.35743973399833,-12.364559303136053,0.8566525751539706,-2.7910446875258677,-13.4066206100724,1,5,4.662559890485968
0.3,4h,2.0,4.0,3,Swing,False,True,852,852,38.84976525821596,2.7206233825393316,1.076470788139286,0.577708426538659,-2.3577227989664196,4,5,4.659822039698836
0.3,4h,2.0,4.0,3,Swing,False,False,2340,2340,32.39316239316239,-19.480237540446453,0.7966100924528522,-4.540646981620489,-19.993748456810895,0,5,4.662559890485968
0.3,4h,2.0,4.0,3,ATR,True,True,1176,827,48.46938775510204,5.694436273327107,1.1697707508964477,1.1948863114630282,-1.3474267934289816,4,5,4.662559890485968
0.3,4h,2.0,4.0,3,ATR,True,False,2923,2198,39.993157714676705,-18.94597543069432,0.7986002885153897,-4.405153892452174,-19.48400183631475,0,5,4.662559890485968
0.3,4h,2.0,4.0,3,ATR,False,True,912,912,41.228070175438596,4.325319379642688,1.1345697071967238,0.9128433566463201,-1.7897413212588296,4,5,4.659822039698836
0.3,4h,2.0,4.0,3,ATR,False,False,2680,2680,32.798507462686565,-21.033676631692188,0.7898197871771626,-4.938664559061023,-21.513177535743676,0,5,4.662559890485968
0.3,4h,1.0,2.0,4,Swing,True,True,924,581,59.307359307359306,1.3366563280748456,1.0650269413382316,0.2853532698007477,-2.3998497989263727,2,5,4.659822039698836
0.3,4h,1.0,2.0,4,Swing,True,False,2522,1666,52.29976209357653,-12.393781735397372,0.8083613206488233,-2.799618454181463,-14.921034578829548,1,5,4.659822039698836
0.3,4h,1.0,2.0,4,Swing,False,True,611,611,53.682487725040914,-1.1214534579378193,0.9383577552374329,-0.2417314416284344,-3.6348274078125504,1,5,4.659822039698836
0.3,4h,1.0,2.0,4,Swing,False,False,1887,1887,46.74085850556439,-15.223392205968404,0.74935783766873,-3.482069049951786,-17.306383214087457,0,5,4.659822039698836
0.3,4h,1.0,2.0,4,ATR,True,True,979,618,63.12563840653729,2.0703852478842757,1.1142346427927547,0.44073714392962593,-1.5573731777364568,3,5,4.659822039698836
0.3,4h,1.0,2.0,4,ATR,True,False,2859,1920,55.194123819517316,-15.486237961939835,0.7615654952773591,-3.5463663941998957,-15.88813048288243,0,5,4.659822039698836
0.3,4h,1.0,2.0,4,ATR,False,True,639,639,56.18153364632238,-0.38221802736795185,0.9755657598516622,-0.08214756488698072,-1.927072982996807,2,5,4.659822039698836
0.3,4h,1.0,2.0,4,ATR,False,False,1996,1996,48.14629258517034,-18.23654924559203,0.6844258072757444,-4.2287477955117225,-18.727228448424977,0,5,4.659822039698836
0.3,4h,1.5,3.0,4,Swing,True,True,805,552,51.18012422360248,2.246850558969175,1.0961313097441883,0.4779767864306672,-1.8569590601582042,3,5,4.659822039698836
0.3,4h,1.5,3.0,4,Swing,True,False,2051,1475,44.56362749878108,-11.538357237499262,0.8281974859497463,-2.596716355269302,-13.449641917973345,0,5,4.659822039698836
0.3,4h,1.5,3.0,4,Swing,False,True,599,599,44.90818030050083,0.30384933355937394,1.0136974290433762,0.06512854513232025,-2.2875229351987527,3,5,4.659822039698836
0.3,4h,1.5,3.0,4,Swing,False,False,1796,1796,37.47216035634744,-14.705663760783663,0.7932622839996879,-3.3558788398051154,-16.885974776671297,1,5,4.659822039698836
0.3,4h,1.5,3.0,4,ATR,True,True,875,590,53.714285714285715,2.6054831133190204,1.1226685376039929,0.5535040861018192,-1.1487252632483136,4,5,4.659822039698836
0.3,4h,1.5,3.0,4,ATR,True,False,2469,1777,45.443499392466585,-16.594540272025426,0.7666736866237363,-3.8192191770996864,-17.16545218924912,0,5,4.659822039698836
0.3,4h,1.5,3.0,4,ATR,False,True,624,624,48.23717948717949,1.4916196520714693,1.0783359685893201,0.3182437254321657,-1.325540571427563,2,5,4.659822039698836
0.3,4h,1.5,3.0,4,ATR,False,False,1954,1954,38.68986693961106,-17.143694683609638,0.7472039236414173,-3.955471788089504,-17.825570057930523,0,5,4.659822039698836
0.3,4h,2.0,4.0,4,Swing,True,True,723,523,45.22821576763486,2.9103907820517088,1.120718684442171,0.6171903885291652,-2.3440369541535446,2,5,4.662559890485968
0.3,4h,2.0,4.0,4,Swing,True,False,1725,1301,39.072463768115945,-7.437520627545166,0.8882027230484091,-1.643931584944891,-10.764201878749418,2,5,4.662559890485968
0.3,4h,2.0,4.0,4,Swing,False,True,581,581,39.24268502581756,3.3412009005499557,1.138821102562858,0.7077981300974034,-2.1497539499970486,3,5,4.659822039698836
0.3,4h,2.0,4.0,4,Swing,False,False,1667,1667,32.15356928614277,-10.431211729538143,0.8607770710693596,-2.336382857940822,-13.763732005489343,1,5,4.659822039698836
0.3,4h,2.0,4.0,4,ATR,True,True,821,576,48.721071863581,4.340350840577276,1.1894764917550218,0.9154231170961147,-1.0995316702103943,4,5,4.662559890485968
0.3,4h,2.0,4.0,4,ATR,True,False,2187,1642,40.10059442158207,-13.87471358112132,0.8070892535295165,-3.1527735665566214,-14.170966282552397,1,5,4.662559890485968
0.3,4h,2.0,4.0,4,ATR,False,True,619,619,42.972536348949916,4.225477541456117,1.1981655859040101,0.892110304617022,-1.4868744147894923,2,5,4.659822039698836
0.3,4h,2.0,4.0,4,ATR,False,False,1921,1921,33.6283185840708,-13.293124669503605,0.8208769131030761,-3.0146227007548543,-13.721751395616053,0,5,4.659822039698836
0.3,4h,1.0,2.0,5,Swing,True,True,399,252,61.65413533834586,1.9704241726710112,1.2606475605228622,0.4216056705835358,-0.5572080458252219,4,5,4.63791923340178
0.3,4h,1.0,2.0,5,Swing,True,False,1254,834,53.18979266347688,-5.4638766967233945,0.8218889591980867,-1.1999616439293592,-5.844185491486027,0,5,4.654346338124572
0.3,4h,1.0,2.0,5,Swing,False,True,252,252,53.96825396825397,0.07001529197554768,1.010586417105361,0.015092128732674404,-0.9518096354709774,2,5,4.63791923340178
0.3,4h,1.0,2.0,5,Swing,False,False,861,861,46.80603948896632,-7.522353640735326,0.7233633454498232,-1.6661824735450859,-7.642025899641036,0,5,4.654346338124572
0.3,4h,1.0,2.0,5,ATR,True,True,399,253,61.904761904761905,0.36306423288835954,1.0509238005875445,0.07817048044114205,-1.2430334448373896,4,5,4.63791923340178
0.3,4h,1.0,2.0,5,ATR,True,False,1311,873,55.1487414187643,-5.468976767375229,0.8163874945144446,-1.201106856266354,-5.544755950873877,0,5,4.654346338124572
0.3,4h,1.0,2.0,5,ATR,False,True,254,254,55.51181102362205,-0.5086219703454236,0.9160887538199393,-0.10988540634385702,-1.2902366113985688,3,5,4.63791923340178
0.3,4h,1.0,2.0,5,ATR,False,False,886,886,49.20993227990971,-6.633022493758698,0.7437464780088421,-1.4637698414460831,-6.804949075059137,0,5,4.654346338124572
0.3,4h,1.5,3.0,5,Swing,True,True,357,240,55.182072829131656,4.104476214005267,1.4831073962104415,0.8710744307312446,-0.9644866892404189,5,5,4.63791923340178
0.3,4h,1.5,3.0,5,Swing,True,False,1096,783,45.52919708029197,-3.262846203045902,0.9029767212882763,-0.7101900774204917,-4.024287478705206,1,5,4.654346338124572
0.3,4h,1.5,3.0,5,Swing,False,True,252,252,47.61904761904761,2.376677881248751,1.3128642804838593,0.5077347049381453,-0.5707120271540705,4,5,4.63791923340178
0.3,4h,1.5,3.0,5,Swing,False,False,845,845,39.289940828402365,-3.841632212190894,0.8774855447721338,-0.838126208764034,-4.510651458573434,1,5,4.654346338124572
0.3,4h,1.5,3.0,5,ATR,True,True,371,250,56.334231805929925,1.882424508795595,1.2290020229797276,0.40291358293069734,-1.031841258097343,4,5,4.63791923340178
0.3,4h,1.5,3.0,5,ATR,True,False,1200,854,45.75,-5.055724975606568,0.852082607071198,-1.1084687348087208,-5.272689551325311,1,5,4.654346338124572
0.3,4h,1.5,3.0,5,ATR,False,True,253,253,48.22134387351779,0.6262381954386442,1.0866205605589407,0.13469527778335877,-1.026094487194966,4,5,4.63791923340178
0.3,4h,1.5,3.0,5,ATR,False,False,878,878,40.43280182232346,-4.667506456306105,0.8468335158930356,-1.0217302409679774,-4.832048047735777,1,5,4.654346338124572
0.3,4h,2.0,4.0,5,Swing,True,True,328,229,50.30487804878049,4.570714840388553,1.5019980296511166,0.9683090346368717,-1.241878237332509,4,5,4.63791923340178
0.3,4h,2.0,4.0,5,Swing,True,False,962,722,39.2931392931393,-2.97795444275498,0.9132451987959326,-0.6474375745205485,-4.675494856171294,1,5,4.654346338124572
0.3,4h,2.0,4.0,5,Swing,False,True,252,252,43.65079365079365,3.9946954250022095,1.4702200714580782,0.8481298514013247,-0.8200922488751089,4,5,4.63791923340178
0.3,4h,2.0,4.0,5,Swing,False,False,834,834,32.97362110311751,-3.4653082368478345,0.9007389766226196,-0.7548742165858546,-4.563159994538414,1,5,4.654346338124572
0.3,4h,2.0,4.0,5,ATR,True,True,355,247,52.112676056338024,2.7325734941891575,1.3054281939042127,0.5829673982468586,-1.2211968535172641,4,5,4.63791923340178
0.3,4h,2.0,4.0,5,ATR,True,False,1098,821,40.346083788706736,-4.631475277254848,0.872460687764588,-1.013693975890917,-5.836479256564299,1,5,4.654346338124572
0.3,4h,2.0,4.0,5,ATR,False,True,253,253,43.873517786561266,1.7604962980136616,1.2187941440071084,0.3769937617505992,-1.300863304534295,4,5,4.63791923340178
0.3,4h,2.0,4.0,5,ATR,False,False,873,873,33.90607101947308,-4.202157868818154,0.8767892035552785,-0.9181235043428715,-4.618750283166304,1,5,4.654346338124572
0.4,4h,1.0,2.0,3,Swing,True,True,1416,887,59.11016949152542,1.6788729045068058,1.0545297463994787,0.35793502740912864,-1.8864334900029267,3,5,4.659822039698836
0.4,4h,1.0,2.0,3,Swing,True,False,3615,2373,52.42047026279392,-19.905458993384272,0.7615615661444801,-4.64899212434835,-20.12148412016802,0,5,4.662559890485968
0.4,4h,1.0,2.0,3,Swing,False,True,980,980,53.57142857142857,-0.4273722560644304,0.9844231148398849,-0.09186860285038678,-2.098395686950183,2,5,4.659822039698836
0.4,4h,1.0,2.0,3,Swing,False,False,2761,2761,47.66388989496559,-21.989624102776588,0.7277964111555202,-5.1866616433183355,-22.166678818935576,0,5,4.662559890485968
0.4,4h,1.0,2.0,3,ATR,True,True,1543,967,63.058976020738825,2.5947038533314206,1.0923669856116602,0.5512370200515537,-1.1365731043707454,4,5,4.659822039698836
0.4,4h,1.0,2.0,3,ATR,True,False,4028,2692,54.74180734856008,-23.202124995416042,0.734846662497859,-5.5046729094885505,-23.38821836339774,0,5,4.662559890485968
0.4,4h,1.0,2.0,3,ATR,False,True,1028,1028,58.85214007782101,1.1929607854934214,1.0502176788525355,0.25481904651778464,-1.5964966374955252,4,5,4.659822039698836
0.4,4h,1.0,2.0,3,ATR,False,False,2900,2900,48.86206896551724,-25.914854029635194,0.6742061970762959,-6.230703616922206,-26.083577319708308,0,5,4.662559890485968
0.4,4h,1.5,3.0,3,Swing,True,True,1191,806,51.97313182199832,1.294009268077968,1.0380007165570253,0.27629464044289787,-2.2688730736970237,3,5,4.659822039698836
0.4,4h,1.5,3.0,3,Swing,True,False,2835,2035,44.62081128747795,-19.818562612630295,0.7637393478316005,-4.626814518753875,-20.186218140235827,0,5,4.662559890485968
0.4,4h,1.5,3.0,3,Swing,False,True,929,929,45.20990312163617,1.9161347375119722,1.058547581391234,0.40814407122014007,-2.050243498629372,4,5,4.659822039698836
0.4,4h,1.5,3.0,3,Swing,False,False,2584,2584,38.42879256965944,-19.891693806519786,0.7847375709933107,-4.645477727944936,-20.203931100488365,0,5,4.662559890485968
0.4,4h,1.5,3.0,3,ATR,True,True,1367,912,54.79151426481346,4.117959576962681,1.1279243257598788,0.8697657849913387,-1.4493788824276548,4,5,4.659822039698836
0.4,4h,1.5,3.0,3,ATR,True,False,3427,2447,45.72512401517363,-21.89387799438934,0.766354630493501,-5.161715436260561,-22.229882002901373,0,5,4.662559890485968
0.4,4h,1.5,3.0,3,ATR,False,True,996,996,48.795180722891565,2.2589807622916807,1.0758354327531925,0.48053478006329087,-1.345053824359796,4,5,4.659822039698836
0.4,4h,1.5,3.0,3,ATR,False,False,2808,2808,39.70797720797721,-22.936855805721073,0.7515516995978402,-5.4347635793182025,-23.242054857158543,0,5,4.662559890485968
0.4,4h,2.0,4.0,3,Swing,True,True,1072,765,46.92164179104478,2.803094231719518,1.0786364460102311,0.5946815952107887,-2.2541477349133863,4,5,4.662559890485968
0.4,4h,2.0,4.0,3,Swing,True,False,2440,1837,38.97540983606557,-17.478806182160305,0.7969550204824799,-4.036643153188368,-18.34819027904918,0,5,4.662559890485968
0.4,4h,2.0,4.0,3,Swing,False,True,887,887,39.346110484780155,2.702402618122985,1.0738206011954636,0.5738795478560155,-2.254049169149708,3,5,4.659822039698836
0.4,4h,2.0,4.0,3,Swing,False,False,2378,2378,31.959629941126998,-20.87384734666608,0.7830849499749584,-4.897431176968558,-21.213834145473953,0,5,4.662559890485968
0.4,4h,2.0,4.0,3,ATR,True,True,1249,875,48.99919935948759,5.497346353883915,1.1579907197306298,1.1543854054512526,-1.1847251875928566,5,5,4.662559890485968
0.4,4h,2.0,4.0,3,ATR,True,False,2936,2208,39.6457765667575,-20.321736207003,0.7859626161250395,-4.755496870480547,-20.5837473385815,0,5,4.662559890485968
0.4,4h,2.0,4.0,3,ATR,False,True,968,968,42.04545454545455,4.5480678428043255,1.1355317304933956,0.9590429628579811,-1.45120094701851,4,5,4.659822039698836
0.4,4h,2.0,4.0,3,ATR,False,False,2698,2698,32.98739807264641,-21.587097092641585,0.7857255383008441,-5.081946539825289,-21.891453645509678,0,5,4.662559890485968
0.4,4h,1.0,2.0,4,Swing,True,True,1023,642,59.82404692082112,1.0861369367348432,1.0499351291517909,0.23209770561751775,-1.9683056992635943,2,5,4.659822039698836
0.4,4h,1.0,2.0,4,Swing,True,False,2657,1752,52.653368460669924,-12.584589817204492,0.8096845042416887,-2.84344256446053,-14.887990414899575,0,5,4.662559890485968
0.4,4h,1.0,2.0,4,Swing,False,True,670,670,54.02985074626866,-1.0025575263304132,0.9469521114727405,-0.21600145761003775,-3.16036147903917,1,5,4.659822039698836
0.4,4h,1.0,2.0,4,Swing,False,False,1960,1960,48.316326530612244,-13.481469653375683,0.7804469588857328,-3.058102626669379,-15.108622447413552,0,5,4.662559890485968
0.4,4h,1.0,2.0,4,ATR,True,True,1061,669,63.901979264844485,2.6889528087697503,1.1407394886030442,0.5710528868194453,-1.1009631485673603,4,5,4.659822039698836
0.4,4h,1.0,2.0,4,ATR,True,False,2976,1982,55.64516129032258,-13.766723972977395,0.7935449698946758,-3.126742001499627,-14.164740059347094,0,5,4.662559890485968
0.4,4h,1.0,2.0,4,ATR,False,True,687,687,57.20524017467249,0.23040557006821213,1.0142138775192797,0.04940046681150001,-1.4308177372139126,2,5,4.659822039698836
0.4,4h,1.0,2.0,4,ATR,False,False,2041,2041,49.48554630083293,-16.028909191502088,0.7235453787829877,-3.677492678569705,-16.567478839049073,0,5,4.662559890485968
0.4,4h,1.5,3.0,4,Swing,True,True,891,610,52.637485970819306,2.414478641526257,1.0973391249090592,0.5133047796020307,-1.8761398489453769,3,5,4.659822039698836
0.4,4h,1.5,3.0,4,Swing,True,False,2137,1540,45.016378100140386,-9.132473489775677,0.868803939135167,-2.033017856435193,-11.658122460067416,2,5,4.662559890485968
0.4,4h,1.5,3.0,4,Swing,False,True,651,651,45.00768049155146,-0.3306243166212637,0.985734359738317,-0.07104443691094975,-2.35375364380112,3,5,4.659822039698836
0.4,4h,1.5,3.0,4,Swing,False,False,1880,1880,37.340425531914896,-15.504158874640497,0.7870216389717943,-3.5487083656197016,-17.510046408817004,0,5,4.662559890485968
0.4,4h,1.5,3.0,4,ATR,True,True,942,636,54.88322717622081,3.2960532675265353,1.146551327970645,0.6983546999252965,-1.1906216704440005,5,5,4.659822039698836
0.4,4h,1.5,3.0,4,ATR,True,False,2564,1846,45.43681747269891,-15.488159605461526,0.7897474781974244,-3.544791703205441,-16.00825120583302,0,5,4.662559890485968
0.4,4h,1.5,3.0,4,ATR,False,True,675,675,48.592592592592595,1.7070164186821697,1.0847128333718548,0.3638955287081913,-1.120801337428827,2,5,4.659822039698836
0.4,4h,1.5,3.0,4,ATR,False,False,2020,2020,39.504950495049506,-15.433658495638433,0.7784074291555457,-3.5314540607078726,-15.91472614408455,0,5,4.662559890485968
0.4,4h,2.0,4.0,4,Swing,True,True,785,561,47.51592356687898,3.547107360254963,1.1397752571620963,0.7503835493832822,-2.5754528715792158,3,5,4.662559890485968
0.4,4h,2.0,4.0,4,Swing,True,False,1747,1317,39.38179736691471,-6.590852482707878,0.9015432757679628,-1.451666513311023,-9.973474816555417,2,5,4.662559890485968
0.4,4h,2.0,4.0,4,Swing,False,True,642,642,40.34267912772586,3.326475957539501,1.1310249588228571,0.7047185025869762,-1.5676851533024152,3,5,4.659822039698836
0.4,4h,2.0,4.0,4,Swing,False,False,1752,1752,32.13470319634703,-11.061309162251137,0.8555790634448778,-2.4827911204830966,-14.309049866989456,1,5,4.662559890485968
0.4,4h,2.0,4.0,4,ATR,True,True,890,619,50.44943820224719,5.645759341721244,1.2331795990592278,1.1848889871104884,-1.248514541835289,5,5,4.662559890485968
0.4,4h,2.0,4.0,4,ATR,True,False,2248,1685,39.99110320284697,-13.408044100509512,0.8189138147155353,-3.0404633622120203,-13.66018741322799,0,5,4.662559890485968
0.4,4h,2.0,4.0,4,ATR,False,True,669,669,44.09566517189836,5.30797643980098,1.2365875514540403,1.1160738896038191,-0.9872802137190736,5,5,4.659822039698836
0.4,4h,2.0,4.0,4,ATR,False,False,1984,1984,34.122983870967744,-11.522047654981048,0.8501741024663195,-2.5913601813469467,-11.89810534276441,0,5,4.662559890485968
0.4,4h,1.0,2.0,5,Swing,True,True,465,297,60.43010752688171,1.885495516576809,1.2230539477868172,0.40356611167258194,-0.6672429810418058,3,5,4.63791923340178
0.4,4h,1.0,2.0,5,Swing,True,False,1353,903,52.25424981522543,-6.618666081719465,0.7983117747466142,-1.4596624225652999,-6.883592204074998,0,5,4.657084188911704
0.4,4h,1.0,2.0,5,Swing,False,True,299,299,52.84280936454849,-0.0753869152713958,0.9898765465977328,-0.01625927717571196,-0.817536923335308,2,5,4.63791923340178
0.4,4h,1.0,2.0,5,Swing,False,False,939,939,46.325878594249204,-8.248856673538292,0.7168251620746433,-1.8316051131587963,-8.477222255103781,0,5,4.657084188911704
0.4,4h,1.0,2.0,5,ATR,True,True,466,298,60.94420600858369,0.21460307826096647,1.0258413573463394,0.046232518337352424,-1.5531694424522227,2,5,4.63791923340178
0.4,4h,1.0,2.0,5,ATR,True,False,1413,942,54.423213021939134,-6.581392657334254,0.7939366924422961,-1.4512179773056522,-6.753852538698828,0,5,4.657084188911704
0.4,4h,1.0,2.0,5,ATR,False,True,301,301,54.48504983388705,-0.8660569259838022,0.8788390764328607,-0.18737148910564771,-2.0147343958301347,1,5,4.63791923340178
0.4,4h,1.0,2.0,5,ATR,False,False,958,958,48.95615866388309,-7.444408061684449,0.7306503005634823,-1.6474199886545304,-7.782707077155155,0,5,4.657084188911704
0.4,4h,1.5,3.0,5,Swing,True,True,414,284,52.65700483091788,3.076580405692002,1.3153993782418307,0.6554928881269628,-1.0316055374353206,4,5,4.63791923340178
0.4,4h,1.5,3.0,5,Swing,True,False,1179,852,44.274809160305345,-5.128176398315567,0.8576361654400056,-1.1240296982476528,-5.441845731908044,1,5,4.657084188911704
0.4,4h,1.5,3.0,5,Swing,False,True,299,299,45.1505016722408,1.9213907002237776,1.2189564640245631,0.4111919883032389,-0.7536799036045063,3,5,4.63791923340178
0.4,4h,1.5,3.0,5,Swing,False,False,922,922,37.960954446854664,-5.5967189715991985,0.8348860183537313,-1.2290884624179044,-5.756274816244225,1,5,4.657084188911704
0.4,4h,1.5,3.0,5,ATR,True,True,429,293,53.14685314685315,1.071536191018882,1.1102982018028413,0.2300733378308495,-1.0371112801656286,4,5,4.63791923340178
0.4,4h,1.5,3.0,5,ATR,True,False,1288,923,44.87577639751553,-6.631879407715237,0.8187507315687441,-1.4626565905543454,-6.783967613103235,1,5,4.657084188911704
0.4,4h,1.5,3.0,5,ATR,False,True,299,299,46.48829431438127,0.6476591141214465,1.0768092562973057,0.13929098125373685,-1.2418317427248895,3,5,4.63791923340178
0.4,4h,1.5,3.0,5,ATR,False,False,952,952,39.60084033613445,-6.049181503550635,0.8159368926353048,-1.3309310327715873,-6.149646816202441,1,5,4.657084188911704
0.4,4h,2.0,4.0,5,Swing,True,True,381,271,47.506561679790025,4.040463578741117,1.3909501617438464,0.8576978681272607,-1.162281055563581,5,5,4.63791923340178
0.4,4h,2.0,4.0,5,Swing,True,False,1033,783,38.33494675701839,-4.122650010178104,0.8873916077506119,-0.8999341753086809,-4.97008499749789,1,5,4.657084188911704
0.4,4h,2.0,4.0,5,Swing,False,True,297,297,41.07744107744108,3.8649609857451193,1.4022200196311354,0.8209903821571718,-0.8645609553477691,4,5,4.63791923340178
0.4,4h,2.0,4.0,5,Swing,False,False,903,903,31.782945736434108,-5.076560584742277,0.8640809902173426,-1.1124810954293962,-5.557654699223044,1,5,4.657084188911704
0.4,4h,2.0,4.0,5,ATR,True,True,409,289,48.41075794621027,1.6621199364994101,1.1571842634877516,0.3560628922866016,-1.365795049355787,4,5,4.63791923340178
0.4,4h,2.0,4.0,5,ATR,True,False,1174,886,38.841567291311755,-6.909641108650363,0.8220436208441443,-1.5256751382955125,-6.943410042089749,1,5,4.657084188911704
0.4,4h,2.0,4.0,5,ATR,False,True,298,298,41.946308724832214,1.7923217538647391,1.1910997882062018,0.38376164965359116,-1.4255280063233184,4,5,4.63791923340178
0.4,4h,2.0,4.0,5,ATR,False,False,944,944,32.733050847457626,-5.982973592638204,0.8373133501461593,-1.3160045967155365,-6.21484776668322,1,5,4.657084188911704
0.2,1h,1.0,2.0,3,Swing,True,True,493,298,61.4604462474645,2.5686520138613234,1.176664700551091,0.5479061538551155,-1.8307326667747659,3,5,4.632443531827516
0.2,1h,1.0,2.0,3,Swing,True,False,3487,2296,52.62403211930026,-20.00388614967435,0.7556008501755854,-4.674135443347549,-20.631628120532614,0,5,4.662559890485968
0.2,1h,1.0,2.0,3,Swing,False,True,327,327,57.798165137614674,2.153730641097198,1.1722602966126667,0.45996260837830594,-1.5559836747128701,4,5,4.632443531827516
0.2,1h,1.0,2.0,3,Swing,False,False,2708,2708,46.75036927621861,-23.601819098501537,0.7086971555634558,-5.610367813860173,-24.268210280817588,0,5,4.662559890485968
0.2,1h,1.0,2.0,3,ATR,True,True,566,337,67.84452296819788,3.6308478908904123,1.4433922840339044,0.772864309578325,-0.580114229584591,3,5,4.632443531827516
0.2,1h,1.0,2.0,3,ATR,True,False,3953,2641,54.89501644320769,-22.971719610142898,0.7351235444141505,-5.443940824285976,-23.23515051452472,0,5,4.662559890485968
0.2,1h,1.0,2.0,3,ATR,False,True,349,349,63.89684813753582,2.2417768424572593,1.3343057600131847,0.47973212838430257,-0.5171387799934771,3,5,4.632443531827516
0.2,1h,1.0,2.0,3,ATR,False,False,2883,2883,48.838015955601804,-26.84181228812716,0.6628165187819144,-6.483581146723427,-27.016015626984753,0,5,4.662559890485968
0.2,1h,1.5,3.0,3,Swing,True,True,424,283,54.24528301886793,2.3473793941072327,1.1345654356953838,0.5010416986392485,-2.889065033678131,2,5,4.632443531827516
0.2,1h,1.5,3.0,3,Swing,True,False,2773,1996,44.42841687702849,-20.146209925659818,0.7590738931712203,-4.71645213791586,-20.489573149246613,0,5,4.657084188911704
0.2,1h,1.5,3.0,3,Swing,False,True,309,309,48.54368932038835,1.6718322061578619,1.1056813045599843,0.3574708567955609,-2.155530660997066,3,5,4.632443531827516
0.2,1h,1.5,3.0,3,Swing,False,False,2519,2519,38.07066296149266,-20.9374459809186,0.770134657096725,-4.9138307563729615,-22.104765405236318,0,5,4.662559890485968
0.2,1h,1.5,3.0,3,ATR,True,True,506,322,58.89328063241107,4.252461295525708,1.4155488146255861,0.9030447908870087,-0.928945022243497,4,5,4.632443531827516
0.2,1h,1.5,3.0,3,ATR,True,False,3387,2413,46.47180395630352,-20.376781526376504,0.7834002416149259,-4.76961294375352,-20.85233912006607,0,5,4.662559890485968
0.2,1h,1.5,3.0,3,ATR,False,True,341,341,54.83870967741935,3.4972967849833085,1.4026365860160923,0.7448156926242788,-0.5923527710987513,4,5,4.632443531827516
0.2,1h,1.5,3.0,3,ATR,False,False,2756,2756,39.58635703918723,-23.537072481621607,0.7435765432913255,-5.593216814846535,-23.878985275589304,0,5,4.662559890485968
0.2,1h,2.0,4.0,3,Swing,True,True,364,257,49.175824175824175,5.755910364995214,1.3514497939486187,1.2143120166354437,-3.471037341386448,1,5,4.632443531827516
0.2,1h,2.0,4.0,3,Swing,True,False,2387,1798,39.75701717637202,-17.193086805639386,0.796058520297412,-3.965992671231977,-18.368603359180067,0,5,4.662559890485968
0.2,1h,2.0,4.0,3,Swing,False,True,298,298,41.2751677852349,2.373687452580998,1.1336921138170053,0.506617775317797,-3.1348998479126005,2,5,4.632443531827516
0.2,1h,2.0,4.0,3,Swing,False,False,2300,2300,32.26086956521739,-20.789939339506475,0.7785729156832996,-4.875810445896189,-21.98995323345019,0,5,4.662559890485968
0.2,1h,2.0,4.0,3,ATR,True,True,469,314,53.5181236673774,5.116363958090812,1.445950201304597,1.0829593420442096,-1.0534671808611296,4,5,4.632443531827516
0.2,1h,2.0,4.0,3,ATR,True,False,2916,2174,40.98079561042524,-15.589152605283846,0.836909230567539,-3.56952482349,-16.117538176580833,0,5,4.662559890485968
0.2,1h,2.0,4.0,3,ATR,False,True,337,337,48.96142433234421,4.977213610463835,1.4960045108486368,1.0540587126917078,-0.8336855762790696,4,5,4.632443531827516
0.2,1h,2.0,4.0,3,ATR,False,False,2650,2650,33.24528301886793,-20.887333980298784,0.7910884419233255,-4.90090798258419,-21.311424328501243,0,5,4.662559890485968
0.2,1h,1.0,2.0,4,Swing,True,True,296,179,62.5,1.875813632204812,1.226313296666187,0.4024610759208569,-2.0537387474229374,3,5,4.6269678302532515
0.2,1h,1.0,2.0,4,Swing,True,False,2468,1623,52.188006482982175,-11.578700862940766,0.8211082156767417,-2.606250944410815,-14.888871588168644,1,5,4.659822039698836
0.2,1h,1.0,2.0,4,Swing,False,True,191,191,59.68586387434554,1.5153429420091284,1.218582234007466,0.3255746133242088,-1.0602931649718967,3,5,4.6269678302532515
0.2,1h,1.0,2.0,4,Swing,False,False,1848,1848,46.807359307359306,-13.661177985758108,0.7743842475642857,-3.103117815299239,-16.323075563255816,0,5,4.659822039698836
0.2,1h,1.0,2.0,4,ATR,True,True,324,195,66.35802469135803,1.4908185604287827,1.2977612393312086,0.3203359235645076,-0.7095085469195866,4,5,4.6269678302532515
0.2,1h,1.0,2.0,4,ATR,True,False,2784,1856,55.35201149425287,-14.04858315939338,0.7802341174931642,-3.1965865564922313,-14.355752220526883,0,5,4.659822039698836
0.2,1h,1.0,2.0,4,ATR,False,True,202,202,62.87128712871287,1.0650309753122729,1.2643180083138073,0.2292242448550752,-0.6681926124186751,3,5,4.6269678302532515
0.2,1h,1.0,2.0,4,ATR,False,False,1970,1970,49.59390862944162,-15.698027920803323,0.7248636312860608,-3.598288824248441,-16.106302423118642,0,5,4.659822039698836
0.2,1h,1.5,3.0,4,Swing,True,True,257,172,53.69649805447471,1.3222390681536247,1.1315005893240153,0.28429852721119087,-3.253288368354072,2,5,4.6269678302532515
0.2,1h,1.5,3.0,4,Swing,True,False,2016,1453,44.642857142857146,-11.310222806388524,0.8328080596641387,-2.542864492739305,-14.035129131872242,1,5,4.659822039698836
0.2,1h,1.5,3.0,4,Swing,False,True,184,184,48.369565217391305,1.496759364727502,1.1662216776115835,0.3216050387046865,-2.5313491436255666,2,5,4.6269678302532515
0.2,1h,1.5,3.0,4,Swing,False,False,1739,1739,37.83783783783784,-12.740009911413978,0.8181329953719404,-2.8821844450452216,-15.21425530698082,1,5,4.659822039698836
0.2,1h,1.5,3.0,4,ATR,True,True,293,186,56.31399317406144,1.9653032085255306,1.323909349456645,0.42151567306190074,-0.6776459292497556,4,5,4.6269678302532515
0.2,1h,1.5,3.0,4,ATR,True,False,2415,1729,46.00414078674948,-14.522306210045222,0.7935700616062099,-3.3113318458674934,-15.039280488369094,0,5,4.659822039698836
0.2,1h,1.5,3.0,4,ATR,False,True,198,198,54.54545454545454,2.1918702911610084,1.4393649006347946,0.4696990021272107,-0.5658735010458262,5,5,4.6269678302532515
0.2,1h,1.5,3.0,4,ATR,False,False,1914,1914,39.759665621734584,-14.125712594384208,0.7899800714195994,-3.215234955268498,-14.58618511863787,0,5,4.659822039698836
0.2,1h,2.0,4.0,4,Swing,True,True,227,161,47.57709251101321,2.1208155440388183,1.2048516332749117,0.4545970267692212,-3.308032435239393,1,5,4.6269678302532515
0.2,1h,2.0,4.0,4,Swing,True,False,1688,1275,39.27725118483412,-7.724903930356166,0.8833233380228723,-1.7095058660720808,-11.295482857403877,2,5,4.662559890485968
0.2,1h,2.0,4.0,4,Swing,False,True,180,180,41.66666666666667,1.9987049703785624,1.1973441695620801,0.4286243945606616,-3.2371579575914535,2,5,4.6269678302532515
0.2,1h,2.0,4.0,4,Swing,False,False,1626,1626,31.918819188191883,-9.810427601785786,0.8695419872192871,-2.1915161462378707,-14.496864841869147,1,5,4.659822039698836
0.2,1h,2.0,4.0,4,ATR,True,True,272,183,50.36764705882353,1.7679024801719827,1.255052359673686,0.37946660116696673,-0.9819843417464275,4,5,4.6269678302532515
0.2,1h,2.0,4.0,4,ATR,True,False,2140,1599,40.70093457943925,-11.574962333455858,0.8388400058523475,-2.603857481238381,-11.918041960840243,0,5,4.662559890485968
0.2,1h,2.0,4.0,4,ATR,False,True,196,196,47.95918367346938,2.169752749117013,1.358362330155148,0.4649990224670608,-0.7843860055170666,4,5,4.6269678302532515
0.2,1h,2.0,4.0,4,ATR,False,False,1860,1860,33.655913978494624,-12.339484718020838,0.8323466290379756,-2.786693351487979,-12.631829847682782,0,5,4.659822039698836
0.2,1h,1.0,2.0,5,Swing,True,True,95,56,69.47368421052632,0.9255454300374671,1.445714658985587,0.20741963670225516,-0.5761283404027038,3,5,4.446269678302532
0.2,1h,1.0,2.0,5,Swing,True,False,1185,785,53.333333333333336,-4.845614474313768,0.8383654498835141,-1.0614898810826223,-5.028359994443625,1,5,4.654346338124572
0.2,1h,1.0,2.0,5,Swing,False,False,818,818,46.82151589242054,-6.713924847270189,0.7493329139480206,-1.4821205519705893,-6.824837782356457,0,5,4.654346338124572
0.2,1h,1.0,2.0,5,ATR,True,True,98,56,68.36734693877551,1.0240068465925312,1.9809378240029347,0.22939848427687703,-0.17908070616892613,4,5,4.446269678302532
0.2,1h,1.0,2.0,5,ATR,True,False,1247,826,55.894145950280674,-4.000038931375125,0.8592971669100364,-0.8732461346076525,-4.127273188937976,1,5,4.654346338124572
0.2,1h,1.0,2.0,5,ATR,False,False,841,841,49.70273483947681,-5.370184353374848,0.7831271857765806,-1.1789318108935465,-5.522282372985307,0,5,4.654346338124572
0.2,1h,1.5,3.0,5,Swing,True,True,86,55,65.11627906976744,1.7864918028124697,1.7481679876358585,0.399042868728694,-0.7414898300807902,3,5,4.446269678302532
0.2,1h,1.5,3.0,5,Swing,True,False,1037,742,45.61234329797493,-3.2999713000528628,0.8998007361007812,-0.7183782260004712,-3.950521862896477,1,5,4.654346338124572
0.2,1h,1.5,3.0,5,Swing,False,False,798,798,38.847117794486216,-3.9982625240691902,0.8711112931429849,-0.8728520399691408,-4.136546784357693,1,5,4.654346338124572
0.2,1h,1.5,3.0,5,ATR,True,True,83,53,60.24096385542169,1.1173319108248534,1.7884644669083276,0.2502154585841687,-0.2702755614501943,3,5,4.446269678302532
0.2,1h,1.5,3.0,5,ATR,True,False,1133,805,45.98411297440423,-4.142554494603574,0.8735536205790584,-0.9048817783934626,-4.414704917501046,1,5,4.654346338124572
0.2,1h,1.5,3.0,5,ATR,False,False,832,832,40.38461538461539,-4.043670951710014,0.8626914013225836,-0.8829276637421946,-4.262472925430028,1,5,4.654346338124572
0.2,1h,2.0,4.0,5,Swing,True,True,81,53,59.25925925925925,2.140067566687362,1.8203576412340454,0.47737541887302726,-0.6441374919028513,3,5,4.446269678302532
0.2,1h,2.0,4.0,5,Swing,True,False,914,686,38.51203501094092,-4.454496466500327,0.8675455438687818,-0.9742558314298266,-4.571554596073069,1,5,4.654346338124572
0.2,1h,2.0,4.0,5,Swing,False,False,785,785,33.2484076433121,-3.388477868100338,0.9009283102643122,-0.737908807197718,-3.9681358706161136,1,5,4.654346338124572
0.2,1h,2.0,4.0,5,ATR,True,True,81,52,55.55555555555556,1.3513767673795138,1.8673437437361122,0.3023557922561704,-0.2691985057937508,4,5,4.446269678302532
0.2,1h,2.0,4.0,5,ATR,True,False,1036,770,40.54054054054054,-3.8247874029939912,0.8894490001656079,-0.8343942642622948,-3.9903416311124067,1,5,4.654346338124572
0.2,1h,2.0,4.0,5,ATR,False,False,826,826,34.74576271186441,-2.608351884177698,0.9200534375357385,-0.566241241467369,-2.7148382354830356,1,5,4.654346338124572
0.3,1h,1.0,2.0,3,Swing,True,True,601,368,62.39600665557404,4.647284432465511,1.2779708386376991,0.9854143109720326,-1.5245977241328854,4,5,4.632443531827516
0.3,1h,1.0,2.0,3,Swing,True,False,3544,2338,52.426636568848764,-20.015032047079174,0.7594552240868725,-4.676984205877321,-20.349685749168575,0,5,4.662559890485968
0.3,1h,1.0,2.0,3,Swing,False,True,408,408,58.08823529411765,3.299894841891795,1.2254856551288364,0.7033049982128281,-1.7325160023765405,4,5,4.632443531827516
0.3,1h,1.0,2.0,3,Swing,False,False,2770,2770,46.85920577617328,-23.496777484392002,0.7119210093012864,-5.582548664856524,-23.727669541529806,0,5,4.662559890485968
0.3,1h,1.0,2.0,3,ATR,True,True,695,420,65.75539568345323,3.7985993964927087,1.3812222557156872,0.8080556164810959,-0.7491041316028114,3,5,4.632443531827516
0.3,1h,1.0,2.0,3,ATR,True,False,3992,2674,54.55911823647295,-22.831152631240165,0.7377136896498242,-5.406959113527032,-23.152487374286643,0,5,4.662559890485968
0.3,1h,1.0,2.0,3,ATR,False,True,436,436,62.38532110091744,2.432624090823058,1.3017536963183367,0.5201904861888762,-0.8736295060755468,3,5,4.632443531827516
0.3,1h,1.0,2.0,3,ATR,False,False,2906,2906,48.3826565726084,-26.842962698212524,0.6646437417962455,-6.483896542496225,-27.07623812630092,0,5,4.662559890485968
0.3,1h,1.5,3.0,3,Swing,True,True,514,342,53.69649805447471,5.022684755754581,1.2583664353463822,1.0635060786302608,-2.4635054105470577,4,5,4.632443531827516
0.3,1h,1.5,3.0,3,Swing,True,False,2818,2027,44.74804826117814,-19.125036733763903,0.7739269426349282,-4.450486883148519,-19.641651904399893,0,5,4.662559890485968
0.3,1h,1.5,3.0,3,Swing,False,True,390,390,47.94871794871795,3.8428486967973225,1.2089376093130157,0.8173309053451927,-2.024733718119931,4,5,4.632443531827516
0.3,1h,1.5,3.0,3,Swing,False,False,2575,2575,37.8252427184466,-21.27942315223821,0.7705270104356471,-5.002191280581769,-21.898123988367626,0,5,4.662559890485968
0.3,1h,1.5,3.0,3,ATR,True,True,631,408,57.84469096671949,4.685050994629396,1.376771262694471,0.9932805396335009,-0.6423586091069222,4,5,4.632443531827516
0.3,1h,1.5,3.0,3,ATR,True,False,3398,2436,45.938787522071806,-20.981038592398953,0.7753978425851383,-4.925077558267654,-21.513241008521792,0,5,4.662559890485968
0.3,1h,1.5,3.0,3,ATR,False,True,429,429,53.379953379953385,3.985479118637724,1.3835609014231998,0.8472072107513107,-0.6071899939050692,4,5,4.632443531827516
0.3,1h,1.5,3.0,3,ATR,False,False,2797,2797,39.041830532713625,-23.589186590979224,0.7441730643495881,-5.607020640431015,-24.02391296603912,0,5,4.662559890485968
0.3,1h,2.0,4.0,3,Swing,True,True,441,309,49.43310657596372,8.84736880914567,1.482951796825366,1.8469067383232396,-2.2251089423402237,4,5,4.632443531827516
0.3,1h,2.0,4.0,3,Swing,True,False,2406,1797,40.35743973399833,-12.364559303136053,0.8566525751539706,-2.7910446875258677,-13.4066206100724,1,5,4.662559890485968
0.3,1h,2.0,4.0,3,Swing,False,True,369,369,42.00542005420054,5.407268094730014,1.2660988749150943,1.1432814738338015,-2.0942878230782505,2,5,4.632443531827516
0.3,1h,2.0,4.0,3,Swing,False,False,2340,2340,32.39316239316239,-19.480237540446453,0.7966100924528522,-4.540646981620489,-19.993748456810895,0,5,4.662559890485968
0.3,1h,2.0,4.0,3,ATR,True,True,583,397,52.48713550600343,5.737709231266759,1.4151872175367193,1.211643879304125,-0.7406475588673948,4,5,4.632443531827516
0.3,1h,2.0,4.0,3,ATR,True,False,2923,2198,39.993157714676705,-18.94597543069432,0.7986002885153897,-4.405153892452174,-19.48400183631475,0,5,4.662559890485968
0.3,1h,2.0,4.0,3,ATR,False,True,421,421,46.318289786223275,5.327017068628482,1.4371484403240982,1.126653603978256,-0.6855827464350301,3,5,4.632443531827516
0.3,1h,2.0,4.0,3,ATR,False,False,2680,2680,32.798507462686565,-21.033676631692188,0.7898197871771626,-4.938664559061023,-21.513177535743676,0,5,4.662559890485968
0.3,1h,1.0,2.0,4,Swing,True,True,355,222,61.69014084507042,1.769100734127333,1.1785557377958389,0.37927234443162483,-2.0159198977167994,2,5,4.632443531827516
0.3,1h,1.0,2.0,4,Swing,True,False,2522,1666,52.29976209357653,-12.393781735397372,0.8083613206488233,-2.799618454181463,-14.921034578829548,1,5,4.659822039698836
0.3,1h,1.0,2.0,4,Swing,False,True,232,232,56.03448275862068,0.9980520160191155,1.1186440637565847,0.21461020167079514,-1.490721108625787,2,5,4.632443531827516
0.3,1h,1.0,2.0,4,Swing,False,False,1887,1887,46.74085850556439,-15.223392205968404,0.74935783766873,-3.482069049951786,-17.306383214087457,0,5,4.659822039698836
0.3,1h,1.0,2.0,4,ATR,True,True,395,242,64.0506329113924,1.0662560349393106,1.1780530747754134,0.22921524744496935,-0.7091637139571556,3,5,4.632443531827516
0.3,1h,1.0,2.0,4,ATR,True,False,2859,1920,55.194123819517316,-15.486237961939835,0.7615654952773591,-3.5463663941998957,-15.88813048288243,0,5,4.659822039698836
0.3,1h,1.0,2.0,4,ATR,False,True,243,243,58.43621399176955,0.3464394901422134,1.07050731735221,0.07468410495197197,-0.9063071830344755,3,5,4.632443531827516
0.3,1h,1.0,2.0,4,ATR,False,False,1996,1996,48.14629258517034,-18.23654924559203,0.6844258072757444,-4.2287477955117225,-18.727228448424977,0,5,4.659822039698836
0.3,1h,1.5,3.0,4,Swing,True,True,316,212,55.06329113924051,2.515974141410562,1.2228895782731992,0.5378416047342016,-2.1991496502381236,2,5,4.632443531827516
0.3,1h,1.5,3.0,4,Swing,True,False,2051,1475,44.56362749878108,-11.538357237499262,0.8281974859497463,-2.596716355269302,-13.449641917973345,0,5,4.659822039698836
0.3,1h,1.5,3.0,4,Swing,False,True,224,224,47.767857142857146,1.6447397569192799,1.1581934086387622,0.35278061746748524,-2.0155550530672066,2,5,4.632443531827516
0.3,1h,1.5,3.0,4,Swing,False,False,1796,1796,37.47216035634744,-14.705663760783663,0.7932622839996879,-3.3558788398051154,-16.885974776671297,1,5,4.659822039698836
0.3,1h,1.5,3.0,4,ATR,True,True,361,236,55.95567867036011,1.6272434429491685,1.2253324712299791,0.349051464115524,-1.033940409859411,3,5,4.632443531827516
0.3,1h,1.5,3.0,4,ATR,True,False,2469,1777,45.443499392466585,-16.594540272025426,0.7666736866237363,-3.8192191770996864,-17.16545218924912,0,5,4.659822039698836
0.3,1h,1.5,3.0,4,ATR,False,True,242,242,50.82644628099173,1.332990761773743,1.218429990780503,0.2862590763699213,-0.762157409361027,3,5,4.632443531827516
0.3,1h,1.5,3.0,4,ATR,False,False,1954,1954,38.68986693961106,-17.143694683609638,0.7472039236414173,-3.955471788089504,-17.825570057930523,0,5,4.659822039698836
0.3,1h,2.0,4.0,4,Swing,True,True,284,202,49.647887323943664,3.714175330797784,1.314983182682636,0.7903505154848611,-2.785515014395886,2,5,4.632443531827516
0.3,1h,2.0,4.0,4,Swing,True,False,1725,1301,39.072463768115945,-7.437520627545166,0.8882027230484091,-1.643931584944891,-10.764201878749418,2,5,4.662559890485968
0.3,1h,2.0,4.0,4,Swing,False,True,222,222,40.99099099099099,2.3406465147795688,1.1984945533830205,0.5006992323310477,-2.7092992973937835,3,5,4.632443531827516
0.3,1h,2.0,4.0,4,Swing,False,False,1667,1667,32.15356928614277,-10.431211729538143,0.8607770710693596,-2.336382857940822,-13.763732005489343,1,5,4.659822039698836
0.3,1h,2.0,4.0,4,ATR,True,True,340,232,51.470588235294116,2.050172384760929,1.256888829398785,0.43905363226430794,-0.8983624573333961,3,5,4.632443531827516
0.3,1h,2.0,4.0,4,ATR,True,False,2187,1642,40.10059442158207,-13.87471358112132,0.8070892535295165,-3.1527735665566214,-14.170966282552397,1,5,4.662559890485968
0.3,1h,2.0,4.0,4,ATR,False,True,242,242,46.28099173553719,1.9819253713661291,1.2813816227652206,0.42455001645007595,-0.6608608071385154,4,5,4.632443531827516
0.3,1h,2.0,4.0,4,ATR,False,False,1921,1921,33.6283185840708,-13.293124669503605,0.8208769131030761,-3.0146227007548543,-13.721751395616053,0,5,4.659822039698836
0.3,1h,1.0,2.0,5,Swing,True,True,119,72,67.22689075630252,0.5504164056785751,1.199920904650443,0.12352964432678082,-1.0132792776639148,3,5,4.446269678302532
0.3,1h,1.0,2.0,5,Swing,True,False,1254,834,53.18979266347688,-5.4638766967233945,0.8218889591980867,-1.1999616439293592,-5.844185491486027,0,5,4.654346338124572
0.3,1h,1.0,2.0,5,Swing,False,False,861,861,46.80603948896632,-7.522353640735326,0.7233633454498232,-1.6661824735450859,-7.642025899641036,0,5,4.654346338124572
0.3,1h,1.0,2.0,5,ATR,True,True,124,74,67.74193548387096,0.8441876561730939,1.5972432347653163,0.18924617120392728,-0.3493758176459111,3,5,4.446269678302532
0.3,1h,1.0,2.0,5,ATR,True,False,1311,873,55.1487414187643,-5.468976767375229,0.8163874945144446,-1.201106856266354,-5.544755950873877,0,5,4.654346338124572
0.3,1h,1.0,2.0,5,ATR,False,False,886,886,49.20993227990971,-6.633022493758698,0.7437464780088421,-1.4637698414460831,-6.804949075059137,0,5,4.654346338124572
0.3,1h,1.5,3.0,5,Swing,True,True,107,69,63.55140186915887,1.555851720405347,1.5135170019355118,0.34783223736232216,-1.2089210251732778,3,5,4.446269678302532
0.3,1h,1.5,3.0,5,Swing,True,False,1096,783,45.52919708029197,-3.262846203045902,0.9029767212882763,-0.7101900774204917,-4.024287478705206,1,5,4.654346338124572
0.3,1h,1.5,3.0,5,Swing,False,False,845,845,39.289940828402365,-3.841632212190894,0.8774855447721338,-0.838126208764034,-4.510651458573434,1,5,4.654346338124572
0.3,1h,1.5,3.0,5,ATR,True,True,108,70,59.25925925925925,0.9822387432110992,1.5448416793412172,0.22007691379672956,-0.44672236730919035,3,5,4.446269678302532
0.3,1h,1.5,3.0,5,ATR,True,False,1200,854,45.75,-5.055724975606568,0.852082607071198,-1.1084687348087208,-5.272689551325311,1,5,4.654346338124572
0.3,1h,1.5,3.0,5,ATR,False,False,878,878,40.43280182232346,-4.667506456306105,0.8468335158930356,-1.0217302409679774,-4.832048047735777,1,5,4.654346338124572
0.3,1h,2.0,4.0,5,Swing,True,True,98,66,58.16326530612245,2.0823650740201196,1.6616906479292892,0.4646061503209342,-1.1121820246986005,3,5,4.446269678302532
0.3,1h,2.0,4.0,5,Swing,True,False,962,722,39.2931392931393,-2.97795444275498,0.9132451987959326,-0.6474375745205485,-4.675494856171294,1,5,4.654346338124572
0.3,1h,2.0,4.0,5,Swing,False,False,834,834,32.97362110311751,-3.4653082368478345,0.9007389766226196,-0.7548742165858546,-4.563159994538414,1,5,4.654346338124572
0.3,1h,2.0,4.0,5,ATR,True,True,105,69,55.23809523809524,1.272929512801751,1.6472687780933637,0.28488978069667326,-0.4551118474791054,4,5,4.446269678302532
0.3,1h,2.0,4.0,5,ATR,True,False,1098,821,40.346083788706736,-4.631475277254848,0.872460687764588,-1.013693975890917,-5.836479256564299,1,5,4.654346338124572
0.3,1h,2.0,4.0,5,ATR,False,False,873,873,33.90607101947308,-4.202157868818154,0.8767892035552785,-0.9181235043428715,-4.618750283166304,1,5,4.654346338124572
0.4,1h,1.0,2.0,3,Swing,True,True,697,422,62.26685796269727,5.966038482570912,1.3311344984992852,1.258783342434766,-1.3390262473613779,4,5,4.632443531827516
0.4,1h,1.0,2.0,3,Swing,True,False,3615,2373,52.42047026279392,-19.905458993384272,0.7615615661444801,-4.64899212434835,-20.12148412016802,0,5,4.662559890485968
0.4,1h,1.0,2.0,3,Swing,False,True,480,480,58.75,5.220085487925504,1.3292468925451906,1.104482126245121,-0.8888841071199688,4,5,4.632443531827516
0.4,1h,1.0,2.0,3,Swing,False,False,2761,2761,47.66388989496559,-21.989624102776588,0.7277964111555202,-5.1866616433183355,-22.166678818935576,0,5,4.662559890485968
0.4,1h,1.0,2.0,3,ATR,True,True,838,506,65.63245823389022,4.120860637779376,1.3580677166569555,0.875535402981642,-0.7485649653528735,3,5,4.632443531827516
0.4,1h,1.0,2.0,3,ATR,True,False,4028,2692,54.74180734856008,-23.202124995416042,0.734846662497859,-5.5046729094885505,-23.38821836339774,0,5,4.662559890485968
0.4,1h,1.0,2.0,3,ATR,False,True,530,530,61.886792452830186,2.5084481591987924,1.266990271558729,0.5362482826768655,-0.8236912489186171,3,5,4.632443531827516
0.4,1h,1.0,2.0,3,ATR,False,False,2900,2900,48.86206896551724,-25.914854029635194,0.6742061970762959,-6.230703616922206,-26.083577319708308,0,5,4.662559890485968
0.4,1h,1.5,3.0,3,Swing,True,True,556,372,53.956834532374096,5.098142405604161,1.246056976362521,1.0791765507716766,-1.9266797879839097,4,5,4.632443531827516
0.4,1h,1.5,3.0,3,Swing,True,False,2835,2035,44.62081128747795,-19.818562612630295,0.7637393478316005,-4.626814518753875,-20.186218140235827,0,5,4.662559890485968
0.4,1h,1.5,3.0,3,Swing,False,True,450,450,46.666666666666664,3.865579665818239,1.1876056799449586,0.8220944380257444,-1.8903712335112237,3,5,4.632443531827516
0.4,1h,1.5,3.0,3,Swing,False,False,2584,2584,38.42879256965944,-19.891693806519786,0.7847375709933107,-4.645477727944936,-20.203931100488365,0,5,4.662559890485968
0.4,1h,1.5,3.0,3,ATR,True,True,747,484,56.760374832663985,4.389455949474866,1.306435230637918,0.9316528113996192,-0.6917481537042398,3,5,4.632443531827516
0.4,1h,1.5,3.0,3,ATR,True,False,3427,2447,45.72512401517363,-21.89387799438934,0.766354630493501,-5.161715436260561,-22.229882002901373,0,5,4.662559890485968
0.4,1h,1.5,3.0,3,ATR,False,True,516,516,53.875968992248055,4.404739461733673,1.3690162316667953,0.9348425776504188,-0.823299231901165,4,5,4.632443531827516
0.4,1h,1.5,3.0,3,ATR,False,False,2808,2808,39.70797720797721,-22.936855805721073,0.7515516995978402,-5.4347635793182025,-23.242054857158543,0,5,4.662559890485968
0.4,1h,2.0,4.0,3,Swing,True,True,489,346,48.261758691206545,9.712316124191322,1.5011620476693637,2.021071641552785,-2.8002427819364595,4,5,4.632443531827516
0.4,1h,2.0,4.0,3,Swing,True,False,2440,1837,38.97540983606557,-17.478806182160305,0.7969550204824799,-4.036643153188368,-18.34819027904918,0,5,4.662559890485968
0.4,1h,2.0,4.0,3,Swing,False,True,423,423,41.60756501182033,5.904854713563807,1.2628848709788678,1.2461595328586483,-2.274994251135231,3,5,4.632443531827516
0.4,1h,2.0,4.0,3,Swing,False,False,2378,2378,31.959629941126998,-20.87384734666608,0.7830849499749584,-4.897431176968558,-21.213834145473953,0,5,4.662559890485968
0.4,1h,2.0,4.0,3,ATR,True,True,691,471,51.230101302460206,5.823669635827799,1.3684556087196382,1.229400099366762,-0.9711175290408335,4,5,4.632443531827516
0.4,1h,2.0,4.0,3,ATR,True,False,2936,2208,39.6457765667575,-20.321736207003,0.7859626161250395,-4.755496870480547,-20.5837473385815,0,5,4.662559890485968
0.4,1h,2.0,4.0,3,ATR,False,True,507,507,46.548323471400394,5.7108948944286695,1.4046070549892635,1.2061027192847407,-0.8727897038754693,3,5,4.632443531827516
0.4,1h,2.0,4.0,3,ATR,False,False,2698,2698,32.98739807264641,-21.587097092641585,0.7857255383008441,-5.081946539825289,-21.891453645509678,0,5,4.662559890485968
0.4,1h,1.0,2.0,4,Swing,True,True,417,268,56.83453237410072,-0.9861493882547658,0.9168103209243524,-0.2137068047023405,-3.0039937456407637,2,5,4.632443531827516
0.4,1h,1.0,2.0,4,Swing,True,False,2657,1752,52.653368460669924,-12.584589817204492,0.8096845042416887,-2.84344256446053,-14.887990414899575,0,5,4.662559890485968
0.4,1h,1.0,2.0,4,Swing,False,True,283,283,53.35689045936396,-1.1734144393953994,0.8853025507228023,-0.2544770963059717,-3.222239381863375,2,5,4.632443531827516
0.4,1h,1.0,2.0,4,Swing,False,False,1960,1960,48.316326530612244,-13.481469653375683,0.7804469588857328,-3.058102626669379,-15.108622447413552,0,5,4.662559890485968
0.4,1h,1.0,2.0,4,ATR,True,True,467,290,60.599571734475376,0.10402275929908633,1.014709868327799,0.022446115194507676,-1.4039553739713742,3,5,4.632443531827516
0.4,1h,1.0,2.0,4,ATR,True,False,2976,1982,55.64516129032258,-13.766723972977395,0.7935449698946758,-3.126742001499627,-14.164740059347094,0,5,4.662559890485968
0.4,1h,1.0,2.0,4,ATR,False,True,294,294,55.44217687074829,-0.43264766248205033,0.9262743350747175,-0.09355396079221423,-1.3704262557486404,2,5,4.632443531827516
0.4,1h,1.0,2.0,4,ATR,False,False,2041,2041,49.48554630083293,-16.028909191502088,0.7235453787829877,-3.677492678569705,-16.567478839049073,0,5,4.662559890485968
0.4,1h,1.5,3.0,4,Swing,True,True,366,256,49.72677595628415,-0.04128550991764346,0.996845171273077,-0.00891369619668847,-3.0086291290913136,2,5,4.632443531827516
0.4,1h,1.5,3.0,4,Swing,True,False,2137,1540,45.016378100140386,-9.132473489775677,0.868803939135167,-2.033017856435193,-11.658122460067416,2,5,4.662559890485968
0.4,1h,1.5,3.0,4,Swing,False,True,272,272,43.38235294117647,-0.9167584798511421,0.9255707303712236,-0.19861476003997236,-3.2404950543276003,2,5,4.632443531827516
0.4,1h,1.5,3.0,4,Swing,False,False,1880,1880,37.340425531914896,-15.504158874640497,0.7870216389717943,-3.5487083656197016,-17.510046408817004,0,5,4.662559890485968
0.4,1h,1.5,3.0,4,ATR,True,True,421,281,52.49406175771971,0.41516345092979756,1.0492973637412921,0.08947531573260115,-1.4998495209084413,2,5,4.632443531827516
0.4,1h,1.5,3.0,4,ATR,True,False,2564,1846,45.43681747269891,-15.488159605461526,0.7897474781974244,-3.544791703205441,-16.00825120583302,0,5,4.662559890485968
0.4,1h,1.5,3.0,4,ATR,False,True,290,290,48.275862068965516,0.5052903766605273,1.0706376981166312,0.1088609834608345,-1.1633363421599272,3,5,4.632443531827516
0.4,1h,1.5,3.0,4,ATR,False,False,2020,2020,39.504950495049506,-15.433658495638433,0.7784074291555457,-3.5314540607078726,-15.91472614408455,0,5,4.662559890485968
0.4,1h,2.0,4.0,4,Swing,True,True,321,237,44.85981308411215,1.759123731653419,1.1310456655439818,0.3771479520008336,-3.0186013685878583,2,5,4.632443531827516
0.4,1h,2.0,4.0,4,Swing,True,False,1747,1317,39.38179736691471,-6.590852482707878,0.9015432757679628,-1.451666513311023,-9.973474816555417,2,5,4.662559890485968
0.4,1h,2.0,4.0,4,Swing,False,True,268,268,34.701492537313435,-0.6883353840475441,0.9500772297320522,-0.14899278298978746,-3.3705971096743252,2,5,4.632443531827516
0.4,1h,2.0,4.0,4,Swing,False,False,1752,1752,32.13470319634703,-11.061309162251137,0.8555790634448778,-2.4827911204830966,-14.309049866989456,1,5,4.662559890485968
0.4,1h,2.0,4.0,4,ATR,True,True,395,276,48.10126582278481,1.154323199557354,1.1265513210729314,0.24806231174665516,-1.5064936551441361,2,5,4.632443531827516
0.4,1h,2.0,4.0,4,ATR,True,False,2248,1685,39.99110320284697,-13.408044100509512,0.8189138147155353,-3.0404633622120203,-13.66018741322799,0,5,4.662559890485968
0.4,1h,2.0,4.0,4,ATR,False,True,290,290,42.758620689655174,0.9231573518771565,1.1117548510746698,0.19856352546823164,-1.1282721021675464,3,5,4.632443531827516
0.4,1h,2.0,4.0,4,ATR,False,False,1984,1984,34.122983870967744,-11.522047654981048,0.8501741024663195,-2.5913601813469467,-11.89810534276441,0,5,4.662559890485968
0.4,1h,1.0,2.0,5,Swing,True,True,157,97,62.42038216560509,0.2986695415388081,1.0878768454329413,0.06697168819098653,-0.9711632814282701,3,5,4.454483230663929
0.4,1h,1.0,2.0,5,Swing,True,False,1353,903,52.25424981522543,-6.618666081719465,0.7983117747466142,-1.4596624225652999,-6.883592204074998,0,5,4.657084188911704
0.4,1h,1.0,2.0,5,Swing,False,True,100,100,56.99999999999999,-0.1494108146924084,0.949947269325518,-0.033561121254299664,-0.9073004276067131,3,5,4.454483230663929
0.4,1h,1.0,2.0,5,Swing,False,False,939,939,46.325878594249204,-8.248856673538292,0.7168251620746433,-1.8316051131587963,-8.477222255103781,0,5,4.657084188911704
0.4,1h,1.0,2.0,5,ATR,True,True,166,101,62.65060240963856,0.45958527566687,1.221650840885836,0.10299028301112845,-0.5264599580758759,3,5,4.454483230663929
0.4,1h,1.0,2.0,5,ATR,True,False,1413,942,54.423213021939134,-6.581392657334254,0.7939366924422961,-1.4512179773056522,-6.753852538698828,0,5,4.657084188911704
0.4,1h,1.0,2.0,5,ATR,False,True,102,102,60.78431372549019,0.3599346907662213,1.2279897960895056,0.08073990546053622,-0.4187780584026588,3,5,4.4517453798767965
0.4,1h,1.0,2.0,5,ATR,False,False,958,958,48.95615866388309,-7.444408061684449,0.7306503005634823,-1.6474199886545304,-7.782707077155155,0,5,4.657084188911704
0.4,1h,1.5,3.0,5,Swing,True,True,142,94,57.04225352112676,1.1171169245434758,1.2917019593739814,0.24970566568021102,-1.3169679010507156,3,5,4.454483230663929
0.4,1h,1.5,3.0,5,Swing,True,False,1179,852,44.274809160305345,-5.128176398315567,0.8576361654400056,-1.1240296982476528,-5.441845731908044,1,5,4.657084188911704
0.4,1h,1.5,3.0,5,Swing,False,True,99,99,50.505050505050505,0.3558586939217023,1.100241161768495,0.07977775958734057,-1.1856790821623684,3,5,4.454483230663929
0.4,1h,1.5,3.0,5,Swing,False,False,922,922,37.960954446854664,-5.5967189715991985,0.8348860183537313,-1.2290884624179044,-5.756274816244225,1,5,4.657084188911704
0.4,1h,1.5,3.0,5,ATR,True,True,146,97,52.054794520547944,0.40153071340823904,1.1530601093264965,0.0900007949529158,-0.7353595539615025,3,5,4.454483230663929
0.4,1h,1.5,3.0,5,ATR,True,False,1288,923,44.87577639751553,-6.631879407715237,0.8187507315687441,-1.4626565905543454,-6.783967613103235,1,5,4.657084188911704
0.4,1h,1.5,3.0,5,ATR,False,True,101,101,50.495049504950494,0.43400318464954885,1.199485081048633,0.09726710480864043,-0.5669125945084371,3,5,4.454483230663929
0.4,1h,1.5,3.0,5,ATR,False,False,952,952,39.60084033613445,-6.049181503550635,0.8159368926353048,-1.3309310327715873,-6.149646816202441,1,5,4.657084188911704
0.4,1h,2.0,4.0,5,Swing,True,True,124,86,51.61290322580645,1.556830361386611,1.4024214998101756,0.3474068452709478,-1.2784987698222168,3,5,4.454483230663929
0.4,1h,2.0,4.0,5,Swing,True,False,1033,783,38.33494675701839,-4.122650010178104,0.8873916077506119,-0.8999341753086809,-4.97008499749789,1,5,4.657084188911704
0.4,1h,2.0,4.0,5,Swing,False,True,97,97,43.29896907216495,0.7870497791027973,1.2029757581523968,0.17615039433442892,-1.1401948567530866,3,5,4.454483230663929
0.4,1h,2.0,4.0,5,Swing,False,False,903,903,31.782945736434108,-5.076560584742277,0.8640809902173426,-1.1124810954293962,-5.557654699223044,1,5,4.657084188911704
0.4,1h,2.0,4.0,5,ATR,True,True,137,94,46.715328467153284,0.44533731101625296,1.1592730289409534,0.09980289411262167,-0.7099105834635479,3,5,4.454483230663929
0.4,1h,2.0,4.0,5,ATR,True,False,1174,886,38.841567291311755,-6.909641108650363,0.8220436208441443,-1.5256751382955125,-6.943410042089749,1,5,4.657084188911704
0.4,1h,2.0,4.0,5,ATR,False,True,101,101,45.54455445544555,0.9441942894332465,1.3906220793868025,0.21119321777314237,-0.484788218263284,3,5,4.454483230663929
0.4,1h,2.0,4.0,5,ATR,False,False,944,944,32.733050847457626,-5.982973592638204,0.8373133501461593,-1.3160045967155365,-6.21484776668322,1,5,4.657084188911704
