side,entry_time,exit_time,reason,qty,entry_px,exit_px,pnl
short,2022-01-11 04:00:00,2022-01-11 08:15:00,SL,0.023724589778118147,42150.36,42446.65215931821,-8.032924639264529
short,2022-01-11 17:15:00,2022-01-11 18:15:00,SL,0.02357610225568909,42381.759999999995,42627.72000000001,-6.8008742074010895
short,2022-01-12 11:45:00,2022-01-12 12:30:00,SL,0.02325597897227131,42935.909999999996,43231.06042368108,-7.865960672923052
short,2022-01-28 05:45:00,2022-01-28 06:30:00,SL,0.026816669861922392,37205.59,37450.060000000005,-7.556879240833007
short,2022-03-06 01:00:00,2022-03-06 01:15:00,SL,0.02520628439245748,39552.61,39583.72000000001,-1.7815339273272328
long,2022-03-21 14:45:00,2022-03-22 02:00:00,TP1,0.012146274739005494,41033.0,41880.64,9.792122394245114
long,2022-03-21 14:45:00,2022-03-22 04:15:00,TP2,0.012146274739005494,41033.0,42728.28999999999,20.082764281871786
long,2022-03-30 02:00:00,2022-03-30 02:30:00,TP1,0.010616257042478218,47087.39,47292.25,1.6738671588138143
long,2022-03-30 02:00:00,2022-03-30 05:30:00,TP2,0.010616257042478218,47087.39,47497.12,3.847732262816209
long,2022-03-30 11:15:00,2022-03-30 12:00:00,SL,0.021106914547614396,47393.75,47190.799999999996,-5.281842314625714
long,2022-03-31 14:30:00,2022-03-31 16:00:00,SL,0.021516972562939295,46466.0,46168.162045241756,-7.405174462294271
long,2022-04-04 18:30:00,2022-04-04 19:30:00,TP1,0.011002449996875777,45402.03,45810.27371561281,3.989901662203327
long,2022-04-04 18:30:00,2022-04-04 20:15:00,TP2,0.011002449996875777,45402.03,46218.52743122563,8.479446858726048
short,2022-04-05 12:45:00,2022-04-05 13:00:00,TP1,0.010694433077026213,46767.979999999996,46593.16499999999,1.3703250597618422
short,2022-04-05 12:45:00,2022-04-05 13:15:00,TP2,0.010694433077026213,46767.979999999996,46418.33999999999,3.2409141495843423
short,2022-04-08 08:45:00,2022-04-08 11:00:00,TP1,0.011450433182598382,43700.32,43395.93039003463,2.9867479926127003
short,2022-04-08 08:45:00,2022-04-08 12:45:00,TP2,0.011450433182598382,43700.32,43091.53078006926,6.473998141027501
short,2022-04-10 15:00:00,2022-04-10 17:00:00,SL,0.02346872596948356,42683.24,42850.060000000005,-4.918731655712225
short,2022-04-13 14:15:00,2022-04-13 15:00:00,SL,0.024674843313284872,40576.93,40898.78820790271,-8.947001139402735
short,2022-04-26 12:30:00,2022-04-26 13:45:00,TP1,0.012372077669788765,40427.11,39871.76000000001,6.374101405698947
short,2022-04-26 12:30:00,2022-04-26 14:45:00,TP2,0.012372077669788765,40427.11,39316.40000000001,13.248493938920191
short,2022-04-28 07:45:00,2022-04-28 08:45:00,SL,0.02544869745600228,39385.0,39689.55,-8.756572959935331
short,2022-04-28 15:30:00,2022-04-28 16:30:00,SL,0.02534049886897986,39518.61,39882.44,-10.225664812361394
short,2022-05-02 14:00:00,2022-05-02 14:30:00,SL,0.025848713661243965,38702.07,39075.060000000005,-10.646531089889196
short,2022-05-15 12:45:00,2022-05-15 14:15:00,TP1,0.016485226033041107,30309.99,29919.05884571818,5.948143699705122
short,2022-05-15 12:45:00,2022-05-15 20:00:00,SL,0.016485226033041107,30309.99,30570.637436187877,-4.798647352649246
short,2022-05-25 14:30:00,2022-05-25 16:00:00,TP1,0.01678454268904166,29772.9,29520.085,3.7457813409835032
short,2022-05-25 14:30:00,2022-05-25 18:00:00,SL,0.01678454268904166,29772.9,29941.469999999998,-3.330509557298801
short,2022-05-25 18:30:00,2022-05-25 18:45:00,SL,0.03354272027930847,29797.54,29909.059999999998,-4.742045056862652
short,2022-06-20 09:30:00,2022-06-20 10:15:00,TP1,0.02415315082793468,20680.870000000003,20478.200000000004,4.398058465473719
short,2022-06-20 09:30:00,2022-06-20 10:30:00,SL,0.02415315082793468,20680.870000000003,20816.01,-3.765197003651344
short,2022-06-21 07:00:00,2022-06-21 08:30:00,SL,0.04735241612545927,21098.81,21370.36361136232,-13.864228596274632
short,2022-07-03 20:30:00,2022-07-03 22:30:00,TP1,0.025661770774868163,19439.29,19247.264380528562,4.4313346844868144
short,2022-07-03 20:30:00,2022-07-04 11:15:00,SL,0.025661770774868163,19439.29,19567.33374631429,-3.786318785712352
short,2022-07-04 12:00:00,2022-07-04 14:00:00,TP1,0.025298142026570294,19719.980000000003,19504.024331528453,4.96712995622129
short,2022-07-04 12:00:00,2022-07-04 15:00:00,SL,0.025298142026570294,19719.980000000003,19863.977112314366,-4.14355968324523
short,2022-07-14 01:15:00,2022-07-14 06:30:00,TP1,0.024596728126344627,20284.0,19946.154116988168,7.815138251398626
short,2022-07-14 01:15:00,2022-07-14 17:15:00,SL,0.024596728126344627,20284.0,20509.257255341217,-6.042281797163347
short,2022-07-27 11:45:00,2022-07-27 13:45:00,SL,0.04707580167917939,21200.22,21451.39,-12.827958474588256
long,2022-08-01 13:30:00,2022-08-01 14:00:00,TP1,0.021512559956115503,23166.34,23506.545000000006,6.816653841426699
long,2022-08-01 13:30:00,2022-08-01 17:30:00,SL,0.021512559956115503,23166.34,22939.510000000002,-5.375621406071972
short,2022-08-05 12:30:00,2022-08-08 05:30:00,SL,0.0431889105655901,23081.820000000003,23432.569999999996,-16.152963295741902
long,2022-08-12 02:15:00,2022-08-12 10:45:00,SL,0.04159756596762831,23926.0,23762.064799178344,-7.811159041271391
long,2022-08-15 13:45:00,2022-08-15 23:00:00,SL,0.04116919485102023,24155.98,23869.4,-12.786850973912445
short,2022-08-17 07:00:00,2022-08-17 07:15:00,TP1,0.020388504355840047,24356.95,24163.71916869159,3.4450557084670477
short,2022-08-17 07:00:00,2022-08-17 07:30:00,TP2,0.020388504355840047,24356.95,23970.478337383178,7.386917185090195
short,2022-08-23 13:30:00,2022-08-23 14:00:00,SL,0.046517405995707604,21374.510000000002,21550.059999999998,-9.164500447486853
short,2022-08-23 22:45:00,2022-08-24 01:45:00,TP1,0.023128001027789436,21475.49,21206.31,5.732022959526416
short,2022-08-23 22:45:00,2022-08-24 16:00:00,SL,0.023128001027789436,21475.49,21654.969999999998,-4.649774286072069
short,2022-08-29 14:45:00,2022-08-29 16:00:00,SL,0.049263732255966135,20166.530000000002,20318.545180431654,-8.486058099653008
short,2022-08-30 10:30:00,2022-08-30 14:00:00,TP1,0.02432269078970508,20405.43,20149.149999999998,5.740220940862499
short,2022-08-30 10:30:00,2022-08-30 14:30:00,TP2,0.02432269078970508,20405.43,19892.859999999997,11.977000194567282
short,2022-09-02 10:15:00,2022-09-02 12:30:00,SL,0.049471266801396706,20100.59,20298.059999999998,-10.768377251554806
short,2022-09-06 01:15:00,2022-09-06 01:30:00,TP1,0.024790072365096286,20034.730000000003,19866.677178042577,3.6714622317768137
short,2022-09-06 01:15:00,2022-09-06 02:00:00,TP2,0.024790072365096286,20034.730000000003,19698.61435608515,7.839834894742856
short,2022-09-13 12:30:00,2022-09-13 19:00:00,TP1,0.0229521531866064,21664.11,20219.725,32.67108368195526
short,2022-09-13 12:30:00,2022-09-19 02:15:00,TP2,0.0229521531866064,21664.11,18775.329999999998,65.8396349715746
short,2022-09-21 19:00:00,2022-09-21 20:45:00,TP1,0.02577785834721059,19480.420000000002,18862.6321760347,15.431046131012307
short,2022-09-21 19:00:00,2022-09-21 22:15:00,TP2,0.02577785834721059,19480.420000000002,18244.834352069396,31.364513676801504
short,2022-09-26 09:15:00,2022-09-26 11:00:00,TP1,0.0263198049527112,19168.2,18959.32550768886,4.995781379879854
short,2022-09-26 09:15:00,2022-09-27 00:00:00,SL,0.0263198049527112,19168.2,19307.476328207424,-4.172061941140194
long,2022-10-07 07:00:00,2022-10-07 08:15:00,TP1,0.025344441605751392,19907.5,19989.300000000003,1.5675942644223664
long,2022-10-07 07:00:00,2022-10-07 12:15:00,SL,0.025344441605751392,19907.5,19852.940000000002,-1.886645808909228
long,2022-10-28 08:30:00,2022-10-28 09:00:00,SL,0.04998568565083446,20186.92,20159.940000000002,-2.3569965293384234
short,2022-11-02 18:30:00,2022-11-02 19:15:00,TP1,0.024474406681061392,20609.72,20339.023131386974,6.124047153487139
short,2022-11-02 18:30:00,2022-11-02 21:15:00,TP2,0.024474406681061392,20609.72,20068.316262773948,12.752749842275888
short,2022-11-18 13:45:00,2022-11-18 17:00:00,TP1,0.030165159787821635,16752.920000000002,16600.754999999997,4.0870220711709795
short,2022-11-18 13:45:00,2022-11-20 20:15:00,TP2,0.030165159787821635,16752.920000000002,16448.579999999998,8.679700453478072
short,2022-11-26 14:45:00,2022-11-26 18:45:00,TP1,0.030542139382703566,16567.04,16460.205,2.7586081008427588
short,2022-11-26 14:45:00,2022-11-28 01:00:00,TP2,0.030542139382703566,16567.04,16353.36,6.02351462062893
long,2022-12-04 00:00:00,2022-12-04 01:15:00,TP1,0.029888906389702135,16943.809999999998,16977.969999999998,0.5140625887761856
long,2022-12-04 00:00:00,2022-12-04 01:30:00,TP2,0.029888906389702135,16943.809999999998,17012.139999999996,1.5348558681465871
long,2022-12-06 11:15:00,2022-12-06 12:30:00,TP1,0.02983489125274151,16977.92,17012.155,0.5143524063888589
long,2022-12-06 11:15:00,2022-12-06 15:00:00,SL,0.02983489125274151,16977.92,16955.070000000003,-1.1879207983901743
long,2022-12-06 18:30:00,2022-12-06 18:45:00,TP1,0.029885927287208076,16947.8,16974.550000000003,0.2925481121773133
long,2022-12-06 18:30:00,2022-12-06 19:00:00,SL,0.029885927287208076,16947.8,16929.940000000002,-1.0399964984969152
long,2022-12-11 13:45:00,2022-12-11 14:00:00,SL,0.059036928558844376,17157.51,17139.95,-2.049096813378081
short,2022-12-18 00:00:00,2022-12-18 00:15:00,SL,0.06046504497233965,16748.88,16757.479999999996,-1.532981168891514
short,2022-12-23 13:15:00,2022-12-23 13:30:00,SL,0.0601407337159964,16836.65,16890.949999999997,-4.2798431460181625
short,2022-12-25 15:30:00,2022-12-25 19:00:00,TP1,0.03012771245735464,16797.5,16739.804999999997,1.233017229409876
short,2022-12-25 15:30:00,2022-12-25 21:45:00,SL,0.03012771245735464,16797.5,16835.989999999998,-1.6662657103121752
short,2022-12-26 04:15:00,2022-12-26 08:15:00,TP1,0.02998795782523851,16875.06,16823.077736107833,1.0535727706490337
short,2022-12-26 04:15:00,2022-12-26 23:45:00,SL,0.02998795782523851,16875.06,16909.741509261443,-1.5465962384446208
short,2022-12-30 02:45:00,2022-12-30 05:45:00,TP1,0.030475934269348717,16604.050000000003,16528.310000000005,1.80337744878621
short,2022-12-30 02:45:00,2022-12-30 07:15:00,TP2,0.030475934269348717,16604.050000000003,16452.560000000012,4.113083745699606
long,2023-01-18 16:45:00,2023-01-20 16:30:00,TP1,0.024289186886783314,20845.48,21284.20378341054,10.144596085487077
long,2023-01-18 16:45:00,2023-01-20 20:00:00,TP2,0.024289186886783314,20845.48,21722.937566821078,20.795754700861753
long,2023-01-25 15:15:00,2023-01-25 16:15:00,TP1,0.022531460350820855,22540.34,22638.4,1.7004635074965004
long,2023-01-25 15:15:00,2023-01-25 19:15:00,TP2,0.022531460350820855,22540.34,22736.470000000005,3.9090189939432745
long,2023-02-05 00:30:00,2023-02-05 00:45:00,SL,0.04353928827286882,23342.01,23274.927578841915,-3.9355550146655736
short,2023-02-12 15:15:00,2023-02-12 16:00:00,SL,0.04640154066110921,21893.690000000002,21960.059999999998,-4.097111035561161
short,2023-02-14 13:00:00,2023-02-14 13:15:00,SL,0.046471317758244736,21852.0,21875.479999999996,-2.107183349887043
long,2023-02-19 18:15:00,2023-02-19 23:45:00,SL,0.041514204456705714,24456.219999999998,24233.930109555833,-10.238854383895655
short,2023-02-26 12:00:00,2023-02-26 12:15:00,SL,0.043725440598231066,23196.030000000002,23250.059999999998,-3.377923430179761
short,2023-03-01 18:15:00,2023-03-01 19:45:00,TP1,0.021410639945078955,23677.920000000002,23362.75,6.244405967417936
short,2023-03-01 18:15:00,2023-03-03 01:15:00,TP2,0.021410639945078955,23677.920000000002,23047.570000000003,12.995985568056794
short,2023-03-05 14:00:00,2023-03-05 21:15:00,SL,0.0452472314607012,22450.940000000002,22510.10324969864,-3.694154618398414
long,2023-03-15 17:00:00,2023-03-15 17:15:00,SL,0.041783047663481745,24303.48,24254.940000000002,-3.042608522246971
long,2023-03-31 07:45:00,2023-03-31 12:30:00,TP1,0.018298926913041243,27738.489999999998,28017.45026850993,4.5945366271349055
long,2023-03-31 07:45:00,2023-03-31 13:15:00,TP2,0.018298926913041243,27738.489999999998,28296.420537019858,9.696840753232403
long,2023-04-02 13:15:00,2023-04-02 15:00:00,SL,0.03596565391596022,28265.809999999998,28181.374885319266,-4.051844071019397
short,2023-04-05 12:15:00,2023-04-05 12:30:00,TP1,0.01780349372190807,28539.15,28411.300000000003,1.7692181828285012
short,2023-04-05 12:15:00,2023-04-05 12:45:00,SL,0.01780349372190807,28539.15,28624.409999999996,-2.026781415520747
long,2023-04-06 12:15:00,2023-04-06 12:45:00,SL,0.036294751964234,27997.64,27878.54,-5.336711005844662
short,2023-05-10 21:00:00,2023-05-11 14:45:00,TP1,0.01828095812876833,27778.460000000003,26997.375,13.778304806957399
short,2023-05-10 21:00:00,2023-05-12 05:45:00,TP2,0.01828095812876833,27778.460000000003,26216.280000000002,28.064609379042444
short,2023-05-15 02:15:00,2023-05-15 05:00:00,SL,0.03754603964766443,27161.800000000003,27300.20538626088,-6.218990426763168
short,2023-05-18 12:15:00,2023-05-18 14:45:00,TP1,0.01864768153947984,27327.690000000002,27137.965000000004,3.030102285438196
short,2023-05-18 12:15:00,2023-05-18 17:30:00,TP2,0.01864768153947984,27327.690000000002,26948.230000000007,6.569989201259793
short,2023-05-20 18:15:00,2023-05-20 19:00:00,TP1,0.018822068815644383,27100.0,27006.927791769605,1.2426093489865764
short,2023-05-20 18:15:00,2023-05-21 00:45:00,SL,0.018822068815644383,27100.0,27162.074805486925,-1.6790385136269097
short,2023-06-13 12:30:00,2023-06-13 15:15:00,TP1,0.01954759000752042,26093.050000000003,25824.200000000004,4.747941014862866
short,2023-06-13 12:30:00,2023-06-14 20:00:00,TP2,0.01954759000752042,26093.050000000003,25555.340000000007,10.006133846809458
long,2023-06-30 14:45:00,2023-06-30 17:15:00,TP1,0.016974122370942615,30092.51,30590.44504544016,7.93699044169631
long,2023-06-30 14:45:00,2023-07-03 15:30:00,TP2,0.016974122370942615,30092.51,31088.390090880315,16.38494448693444
short,2023-07-16 01:30:00,2023-07-16 02:15:00,TP1,0.01691146670522028,30275.91,30152.454999999994,1.5768389807188616
short,2023-07-16 01:30:00,2023-07-16 14:15:00,SL,0.01691146670522028,30275.91,30358.239999999998,-1.90502725830292
short,2023-07-20 06:00:00,2023-07-20 06:15:00,SL,0.03403083913790349,30089.980000000003,30169.684770643293,-3.737763707442154
short,2023-07-26 14:00:00,2023-07-26 15:30:00,SL,0.035000131391414314,29245.99,29320.899999999998,-3.6467842651239684
short,2023-07-28 15:30:00,2023-07-28 17:30:00,TP1,0.01741048142390044,29386.0,29253.865259505576,1.7900553024297592
short,2023-07-28 15:30:00,2023-07-30 19:45:00,TP2,0.01741048142390044,29386.0,29121.72051901115,4.091909203848939
short,2023-08-06 03:00:00,2023-08-06 05:45:00,SL,0.03523719060834802,29055.58,29092.44,-2.3233292779426167
short,2023-08-07 18:45:00,2023-08-07 19:45:00,SL,0.0351821647507773,29094.420000000002,29153.92,-3.1179901498407676
long,2023-08-11 08:00:00,2023-08-11 10:00:00,SL,0.03475870769782936,29439.899999999998,29352.410000000003,-4.062811695567978
long,2023-08-13 16:15:00,2023-08-13 17:00:00,TP1,0.017424662729535672,29351.69,29377.055564539834,-0.06967788494450255
long,2023-08-13 16:15:00,2023-08-13 17:15:00,TP2,0.017424662729535672,29351.69,29402.431129079665,0.3722616884067703
short,2023-08-20 01:00:00,2023-08-20 01:30:00,TP1,0.019584117769352632,26115.980000000003,26050.140000000007,0.7786045951090179
short,2023-08-20 01:00:00,2023-08-20 05:15:00,SL,0.019584117769352632,26115.980000000003,26159.899999999998,-1.3720229476381351
short,2023-08-20 13:00:00,2023-08-20 14:30:00,TP1,0.01953782526756726,26176.34,26102.691278166923,0.9282265692190643
short,2023-08-20 13:00:00,2023-08-20 15:00:00,TP2,0.01953782526756726,26176.34,26029.03255633385,2.3680773714443304
short,2023-08-23 14:45:00,2023-08-23 15:15:00,SL,0.039289913613439885,26041.980000000003,26183.969999999998,-6.604751365912022
short,2023-09-03 06:45:00,2023-09-03 07:15:00,SL,0.03946457213554842,25909.99,25940.002019002495,-2.2075303639881265
short,2023-09-10 22:30:00,2023-09-11 00:30:00,TP1,0.01974484462926994,25887.920000000002,25749.342398260236,2.2264083538812756
short,2023-09-10 22:30:00,2023-09-11 10:15:00,TP2,0.01974484462926994,25887.920000000002,25610.754796520472,4.964167213108004
long,2023-09-21 10:15:00,2023-09-21 10:45:00,SL,0.038223590736839376,26764.23,26670.09712367296,-4.619322465243106
short,2023-09-24 06:45:00,2023-09-24 09:00:00,SL,0.03851013353474546,26553.09,26590.069999999996,-2.447379832143902
long,2023-10-03 15:45:00,2023-10-03 20:00:00,SL,0.03738591807707877,27345.01,27214.95937114135,-5.881949428980682
long,2023-10-03 20:00:00,2023-10-04 00:30:00,SL,0.03736725028129764,27342.929999999997,27234.49,-5.071808676927481
long,2023-10-06 13:30:00,2023-10-06 13:45:00,SL,0.03712861503654458,27505.01,27464.420000000002,-2.5275198869573567
long,2023-10-08 13:15:00,2023-10-08 13:30:00,TP1,0.018314746149084116,27872.899999999998,27907.299999999996,0.11922716595588273
long,2023-10-08 13:15:00,2023-10-08 13:45:00,TP2,0.018314746149084116,27872.899999999998,27941.709999999995,0.7491224757383697
long,2023-10-27 18:30:00,2023-10-27 23:30:00,TP1,0.015182028616775587,33627.16,33935.317691648626,4.1655911582214635
long,2023-10-27 18:30:00,2023-10-28 11:15:00,TP2,0.015182028616775587,33627.16,34243.48538329725,8.841862566239875
long,2023-10-31 06:30:00,2023-10-31 08:00:00,SL,0.029800136595847473,34307.15,34062.77999999999,-8.300976006451807
long,2023-10-31 14:00:00,2023-11-01 12:45:00,TP1,0.014889610825606688,34303.37,34720.975000000006,5.704103111556323
long,2023-10-31 14:00:00,2023-11-01 13:15:00,TP2,0.014889610825606688,34303.37,35138.59000000001,11.919118874079668
long,2023-11-03 05:15:00,2023-11-03 07:30:00,SL,0.029685704445854083,34470.8,34366.63999999999,-4.113806924405088
long,2023-11-07 03:00:00,2023-11-07 09:30:00,SL,0.02932525278815643,34880.47,34755.811502970195,-4.676692716741629
long,2023-11-07 11:00:00,2023-11-07 12:00:00,SL,0.029462398550411092,34702.23,34574.12531627161,-4.794795043404245
long,2023-11-21 15:30:00,2023-11-21 15:45:00,TP1,0.013978101484318061,36554.73,36874.905125787714,3.962236955142576
long,2023-11-21 15:30:00,2023-11-21 16:45:00,TP2,0.013978101484318061,36554.73,37195.09025157542,8.43557934708126
long,2023-11-26 12:45:00,2023-11-26 13:00:00,SL,0.02719209134838014,37627.53,37542.262260112766,-3.340620100971426
long,2023-11-30 15:00:00,2023-11-30 15:45:00,SL,0.02714171533662987,37685.060000000005,37553.53999999999,-4.590730732837148
short,2023-12-31 08:00:00,2023-12-31 09:15:00,SL,0.024062913672931147,42487.71,42641.50705352197,-4.725033722551941
short,2024-01-15 18:45:00,2024-01-15 22:00:00,TP1,0.011878255861255177,43015.81,42585.876327142,4.598462803402091
short,2024-01-15 18:45:00,2024-01-16 14:30:00,TP2,0.011878255861255177,43015.81,42155.93265428401,9.707997246013148
long,2024-01-31 13:30:00,2024-01-31 15:30:00,TP1,0.011984768540695235,42693.200000000004,43200.55000000001,5.5657639627006255
long,2024-01-31 13:30:00,2024-01-31 17:45:00,TP2,0.011984768540695235,42693.200000000004,43707.91000000002,11.643315833424452
long,2024-02-04 00:30:00,2024-02-04 05:00:00,SL,0.02384563657327837,42987.200000000004,42895.87525959922,-3.201664869964076
long,2024-02-17 21:15:00,2024-02-23 23:15:00,SL,0.019767005473602748,51840.78,50624.939999999995,-25.046236159073562
long,2024-02-26 05:30:00,2024-02-26 07:30:00,SL,0.019822010080554245,51570.57,51399.939999999995,-4.402770823654969
long,2024-02-26 12:15:00,2024-02-26 14:30:00,TP1,0.00999422018282349,51119.15,51445.765,2.751734053241586
long,2024-02-26 12:15:00,2024-02-26 15:00:00,TP2,0.00999422018282349,51119.15,51772.39,6.014464039372701
long,2024-03-03 01:00:00,2024-03-03 07:15:00,SL,0.016526568740911067,61880.28,61624.939999999995,-5.240452816399966
long,2024-03-11 01:45:00,2024-03-11 06:45:00,TP1,0.007482847201424558,68299.18,69173.60884380637,6.02887349008554
long,2024-03-11 01:45:00,2024-03-11 07:00:00,TP2,0.007482847201424558,68299.18,70048.04768761275,12.568894099151413
long,2024-03-31 00:00:00,2024-03-31 01:00:00,TP1,0.007343379323945234,69722.97,69988.63737797731,1.4379186660180387
long,2024-03-31 00:00:00,2024-03-31 05:15:00,TP2,0.007343379323945234,69722.97,70254.3147559546,3.387912945414329
long,2024-04-01 06:30:00,2024-04-01 08:30:00,SL,0.014711182101401625,69640.01999999999,69257.49948532085,-6.649002300257489
short,2024-04-15 13:45:00,2024-04-15 14:45:00,TP1,0.007772035998181947,65865.76000000001,64363.744999999995,11.167640449366658
short,2024-04-15 13:45:00,2024-04-15 19:00:00,TP2,0.007772035998181947,65865.76000000001,62861.71999999999,22.847269715721048
short,2024-04-28 03:30:00,2024-04-28 08:30:00,TP1,0.008017669114151707,64059.99,63671.57367659254,2.602138853120282
short,2024-04-28 03:30:00,2024-04-28 22:30:00,TP2,0.008017669114151707,64059.99,63283.147353185086,5.717969726295877
short,2024-05-12 16:45:00,2024-05-12 17:00:00,SL,0.01675810780242797,61346.759999999995,61366.65,-1.3615410409821755
long,2024-06-02 10:15:00,2024-06-02 11:30:00,TP1,0.007613478329406636,67506.56,67698.44843461858,0.9462482377602199
long,2024-06-02 10:15:00,2024-06-02 11:45:00,TP2,0.007613478329406636,67506.56,67890.34686923715,2.406532303889091
short,2024-06-09 13:15:00,2024-06-09 13:30:00,TP1,0.007398885184796373,69487.14,69312.5284041402,0.778449744595666
short,2024-06-09 13:15:00,2024-06-09 16:15:00,SL,0.007398885184796373,69487.14,69603.57439723985,-1.3760428497868566
short,2024-06-10 05:00:00,2024-06-10 06:45:00,TP1,0.007384337329330437,69619.99,69347.91500000001,1.4960006346423844
short,2024-06-10 05:00:00,2024-06-10 15:15:00,SL,0.007384337329330437,69619.99,69801.4,-1.8543599222558216
short,2024-06-12 18:00:00,2024-06-12 19:45:00,TP1,0.007431044338980551,69179.99,67951.42499999999,8.620006175753693
short,2024-06-12 18:00:00,2024-06-13 15:30:00,TP2,0.007431044338980551,69179.99,66722.84999999999,17.754166272166085
short,2024-06-16 14:15:00,2024-06-16 22:00:00,SL,0.015484400831684762,66570.0,66770.06,-4.1301546983672655
short,2024-06-17 18:30:00,2024-06-18 00:30:00,TP1,0.007711298474190892,66809.99,66081.82905549757,5.1026821395494855
short,2024-06-17 18:30:00,2024-06-18 01:15:00,TP2,0.007711298474190892,66809.99,65353.65811099514,10.720633204587873
short,2024-06-23 01:00:00,2024-06-23 01:15:00,SL,0.016030293898901912,64375.979999999996,64397.880000000005,-1.3832048475341163
long,2024-07-02 08:15:00,2024-07-02 12:45:00,TP1,0.008230124985962404,62686.020000000004,62995.8157838372,2.032469412621214
long,2024-07-02 08:15:00,2024-07-02 14:00:00,SL,0.008230124985962404,62686.020000000004,62479.4628107752,-2.2150552677997317
long,2024-07-18 00:15:00,2024-07-18 00:30:00,TP1,0.008044417291455235,64132.01,64243.075000000004,0.37710182969247663
long,2024-07-18 00:15:00,2024-07-18 00:45:00,TP2,0.008044417291455235,64132.01,64354.15000000001,1.2701887135155778
long,2024-07-18 15:30:00,2024-07-18 15:45:00,SL,0.01616246994776009,63850.020000000004,63461.949341144864,-7.3010183005868665
long,2024-07-21 18:15:00,2024-07-21 19:30:00,TP1,0.007699295353232852,66970.01999999999,67501.09999999999,3.571275341514908
long,2024-07-21 18:15:00,2024-07-21 20:15:00,TP2,0.007699295353232852,66970.01999999999,68032.18999999999,7.658249601278742
long,2024-07-23 06:00:00,2024-07-23 07:15:00,SL,0.015476831532463885,66704.01999999999,66360.45603342121,-6.346989870627171
long,2024-07-23 14:00:00,2024-07-23 14:15:00,TP1,0.0077635828444922355,66446.90999999999,66732.73999999999,1.702089261453489
long,2024-07-23 14:00:00,2024-07-23 14:30:00,TP2,0.0077635828444922355,66446.90999999999,67018.57999999999,3.920122210462987
long,2024-07-29 17:00:00,2024-07-30 00:15:00,SL,0.015391296381769297,67070.01,66494.03403526792,-9.892878675814117
short,2024-08-07 02:30:00,2024-08-07 03:00:00,SL,0.018190730875894418,56693.99,56935.62,-5.4289291290638735
long,2024-08-11 15:15:00,2024-08-11 16:00:00,SL,0.017068425591285692,60390.0,60004.561646137096,-7.606298671462904
long,2024-08-12 14:00:00,2024-08-13 16:45:00,TP1,0.008678674604894231,59340.950000000004,61163.80000000001,15.297011246734435
long,2024-08-12 14:00:00,2024-08-15 02:00:00,SL,0.008678674604894231,59340.950000000004,58125.689999999995,-11.05657347308897
long,2024-08-26 07:00:00,2024-08-26 09:15:00,SL,0.016157438836316408,63774.07,63522.67374082949,-5.0903143567536615
long,2024-08-27 00:15:00,2024-08-27 09:30:00,SL,0.016361384639995546,62948.01,62649.68408393518,-5.908501152217475
short,2024-08-29 18:00:00,2024-08-30 15:00:00,TP1,0.008577717474381361,59999.979999999996,58249.41499999999,14.508697039627165
short,2024-08-29 18:00:00,2024-09-04 01:00:00,TP2,0.008577717474381361,59999.979999999996,56498.83999999999,29.532142776226213
short,2024-09-08 22:30:00,2024-09-09 00:00:00,SL,0.018889190472511228,54726.0,55080.76987891544,-7.73839631245048
long,2024-09-11 04:45:00,2024-09-11 05:00:00,SL,0.018272539875677833,56530.51,56502.24999999999,-1.5490797840657868
short,2024-10-04 08:00:00,2024-10-04 08:15:00,SL,0.016820872879726126,61399.97,61623.177410311866,-4.789221836595081
short,2024-10-05 13:15:00,2024-10-05 16:15:00,TP1,0.008294945037469383,62225.979999999996,62075.179999999986,0.7353420665036237
short,2024-10-05 13:15:00,2024-10-05 17:00:00,TP2,0.008294945037469383,62225.979999999996,61924.36999999997,1.986928207935033
long,2024-10-13 12:00:00,2024-10-13 14:30:00,SL,0.01648186681590954,62650.33,62521.38117458101,-3.1568491029732795
long,2024-10-22 13:45:00,2024-10-22 14:00:00,TP1,0.0077037771311124735,66998.22,67385.60000000002,2.46665768539673
long,2024-10-22 13:45:00,2024-10-22 22:45:00,TP2,0.0077037771311124735,66998.22,67772.99000000003,5.4495317251070885
long,2024-11-17 02:30:00,2024-11-17 04:30:00,TP1,0.005746614201167285,89885.12999999999,90569.64437482471,3.4151380427254843
long,2024-11-17 02:30:00,2024-11-17 09:00:00,TP2,0.005746614201167285,89885.12999999999,91254.16874964943,7.346868687391647
long,2024-11-24 13:00:00,2024-11-24 14:00:00,SL,0.010637466635196434,97217.37,96741.08692550349,-6.0980586209449426
long,2024-11-25 15:15:00,2024-11-25 17:00:00,SL,0.010753728127053799,96109.62,95344.33562048308,-9.259082051001837
short,2024-12-04 02:00:00,2024-12-04 05:00:00,SL,0.010824922762577651,95391.98000000001,96140.06999999999,-9.134676293360599
long,2024-12-09 03:45:00,2024-12-09 07:00:00,SL,0.010411630822018543,99090.84999999999,98575.12908740478,-6.398508349301234
short,2024-12-21 12:00:00,2024-12-22 14:45:00,TP1,0.005264916203676484,97917.75,95483.40999999997,12.307475660711034
short,2024-12-21 12:00:00,2024-12-23 16:15:00,TP2,0.005264916203676484,97917.75,93049.05999999997,25.130532745511125
short,2025-01-02 01:15:00,2025-01-02 01:30:00,TP1,0.005441678292072976,95081.08,94975.92499999999,0.05510514162055413
short,2025-01-02 01:15:00,2025-01-02 01:45:00,TP2,0.005441678292072976,95081.08,94870.76,0.6276653762551667
long,2025-01-05 14:30:00,2025-01-05 15:30:00,TP1,0.0052975042543936205,97675.2,98058.11251158507,1.5100316313041506
long,2025-01-05 14:30:00,2025-01-05 20:15:00,TP2,0.0052975042543936205,97675.2,98441.03502317014,3.5375509987120437
short,2025-01-12 14:30:00,2025-01-12 15:15:00,SL,0.010913185986848801,94873.70000000001,95124.3367589882,-3.7719875221225454
long,2025-01-23 20:00:00,2025-01-27 01:00:00,SL,0.00987158919776458,104846.04999999999,101281.56,-36.20458452365829
short,2025-01-28 10:30:00,2025-01-28 15:30:00,SL,0.01004118474402402,102714.64,103343.70999999999,-7.351143067122494
short,2025-01-28 15:30:00,2025-01-28 15:45:00,TP1,0.00500481893177408,102964.92,102639.51999999996,1.1140615835150711
short,2025-01-28 15:30:00,2025-01-28 16:00:00,TP2,0.00500481893177408,102964.92,102314.10999999994,2.7434940211680594
short,2025-02-09 10:45:00,2025-02-09 13:45:00,TP1,0.00532764575664866,96762.0,95963.25999999998,3.742017814846651
short,2025-02-09 10:45:00,2025-02-09 21:30:00,TP2,0.00532764575664866,96762.0,95164.50999999995,7.999602591493986
short,2025-02-10 15:15:00,2025-02-11 00:30:00,SL,0.010633580839826164,97069.98000000001,97954.75,-10.445178935763018
long,2025-02-16 09:15:00,2025-02-16 13:00:00,SL,0.010609995909514659,97187.31,97040.41396860834,-2.5889439706001025
short,2025-02-24 00:30:00,2025-02-24 01:30:00,TP1,0.0053529348726923005,96292.79000000001,95866.54216283368,1.7673687168534749
short,2025-02-24 00:30:00,2025-02-24 03:30:00,TP2,0.0053529348726923005,96292.79000000001,95440.28432566735,4.050240023400159
short,2025-04-01 08:30:00,2025-04-01 09:00:00,SL,0.012281056894417738,83989.5,84300.99000872557,-4.858819060494659
short,2025-04-02 20:15:00,2025-04-02 22:00:00,TP1,0.006001643832117196,85892.63,83732.025,12.458168289663758
short,2025-04-02 20:15:00,2025-04-03 14:45:00,TP2,0.006001643832117196,85892.63,81571.40999999999,25.43189359883785
short,2025-04-04 10:00:00,2025-04-04 10:15:00,TP1,0.006182682469909408,83683.98000000001,82974.1882653404,3.873219647465881
short,2025-04-04 10:00:00,2025-04-04 11:00:00,TP2,0.006182682469909408,83683.98000000001,82264.38653068079,8.26389262882818
long,2025-04-16 08:15:00,2025-04-16 14:15:00,TP1,0.0061969580467228745,83589.12999999999,84305.415,3.918570368677603
long,2025-04-16 08:15:00,2025-04-16 15:15:00,TP2,0.0061969580467228745,83589.12999999999,85021.70999999999,8.355201007722915
long,2025-04-24 08:45:00,2025-04-24 12:15:00,TP1,0.005635999184732213,92017.76,92682.06973854921,3.2235650999597225
long,2025-04-24 08:45:00,2025-04-24 14:45:00,TP2,0.005635999184732213,92017.76,93346.38947709843,6.965798552072234
long,2025-04-27 16:45:00,2025-04-27 18:30:00,TP1,0.0055295203398089505,93881.83,94300.75500000002,1.7961745926768977
long,2025-04-27 16:45:00,2025-04-28 00:00:00,SL,0.0055295203398089505,93881.83,93602.52,-2.062799589472455
long,2025-04-30 14:15:00,2025-04-30 16:15:00,SL,0.01103030496844952,94123.98999999999,93543.61034502416,-7.436780024118234
long,2025-05-03 08:15:00,2025-05-03 08:45:00,SL,0.010767370370101986,96353.39,96299.96,-1.6124855851199178
long,2025-05-04 00:00:00,2025-05-04 00:30:00,SL,0.010809760085843216,95960.62999999999,95869.62,-2.0206157552661974
long,2025-05-17 00:45:00,2025-05-17 01:00:00,SL,0.010033950519851316,103360.01999999999,103343.01000000001,-1.2077014860041435
long,2025-05-17 17:00:00,2025-05-18 07:45:00,TP1,0.005027557604287782,103130.45,103866.145,3.178405339059571
long,2025-05-17 17:00:00,2025-05-18 13:45:00,TP2,0.005027557604287782,103130.45,104601.85,6.875355206688491
short,2025-06-01 16:45:00,2025-06-01 18:30:00,TP1,0.004941002901484379,105038.79000000001,104541.90550512311,1.937338318596382
short,2025-06-01 16:45:00,2025-06-01 21:30:00,SL,0.004941002901484379,105038.79000000001,105370.0729965846,-2.1566856486189687
short,2025-06-03 00:15:00,2025-06-03 02:00:00,SL,0.00978588506935169,106068.28,106491.42178239039,-5.180859256522054
short,2025-06-07 07:00:00,2025-06-07 12:30:00,SL,0.009885965789876706,104942.09000000001,105333.06,-4.904502514548559
short,2025-06-16 02:15:00,2025-06-16 02:30:00,SL,0.009802996886533239,105780.25,105838.3,-1.6063119626546223
long,2025-06-27 13:45:00,2025-06-27 14:00:00,TP1,0.004852991594398302,106821.0,107032.58000000002,0.5078811484568795
long,2025-06-27 13:45:00,2025-06-27 14:15:00,SL,0.004852991594398302,106821.0,106679.92,-1.2027191392158731
long,2025-06-30 15:15:00,2025-06-30 15:45:00,TP1,0.004835827587984166,107192.95999999999,107739.91548023527,2.125293236314849
long,2025-06-30 15:15:00,2025-07-01 05:00:00,SL,0.004835827587984166,107192.95999999999,106828.29634650981,-2.2809355038106394
long,2025-07-01 05:30:00,2025-07-01 07:45:00,TP1,0.0048524481446367805,106824.2,107140.95731889748,1.0179210490596895
long,2025-07-01 05:30:00,2025-07-01 09:15:00,SL,0.0048524481446367805,106824.2,106613.00178740169,-1.542674851778121
long,2025-07-04 08:15:00,2025-07-04 13:30:00,SL,0.009528211433228502,108799.56999999999,108542.13648318355,-3.488319844541855
long,2025-07-06 10:15:00,2025-07-06 10:30:00,TP1,0.004799967220213744,107950.37,107980.30000000002,-0.37456705001829216
long,2025-07-06 10:15:00,2025-07-06 10:45:00,TP2,0.004799967220213744,107950.37,108010.24000000002,-0.23092788695436806
long,2025-07-13 01:15:00,2025-07-13 06:30:00,TP1,0.004413806885397967,117388.0,117970.03500000003,2.0495776328343815
long,2025-07-13 01:15:00,2025-07-13 12:45:00,TP2,0.004413806885397967,117388.0,118552.08000000005,4.617327344331592
long,2025-07-15 01:30:00,2025-07-15 01:45:00,SL,0.0086932982229548,119278.39,118754.43879534608,-5.589509260118664
long,2025-07-24 05:30:00,2025-07-24 06:45:00,SL,0.008790576220232674,117894.84999999999,117381.74,-5.544640962979181
long,2025-07-28 20:30:00,2025-07-29 03:45:00,TP1,0.004394788148321382,117845.18,118598.31764904525,2.790320873470867
long,2025-07-28 20:30:00,2025-07-29 15:30:00,SL,0.004394788148321382,117845.18,117343.06156730317,-2.7235053854019635
short,2025-07-31 16:30:00,2025-07-31 16:45:00,TP1,0.004365784417812763,118628.84000000001,118518.9,-0.03769361511134739
short,2025-07-31 16:30:00,2025-07-31 17:00:00,TP2,0.004365784417812763,118628.84000000001,118408.95,0.44256439062552244
short,2025-08-04 08:15:00,2025-08-04 14:00:00,SL,0.009049948396154375,114459.92,115000.06,-5.926539615690126
long,2025-08-12 11:15:00,2025-08-12 11:30:00,SL,0.008736379807499146,118500.31,118424.8,-1.694617912710972
short,2025-08-17 16:00:00,2025-08-17 18:45:00,TP1,0.004382006830884747,118107.33,117542.275,1.9597657804229678
short,2025-08-17 16:00:00,2025-08-18 01:15:00,TP2,0.004382006830884747,118107.33,116977.20999999998,4.437122529661878
long,2025-08-22 12:30:00,2025-08-22 14:00:00,TP1,0.0046121168210243235,112284.01,112829.64058747944,1.997386783320997
long,2025-08-22 12:30:00,2025-08-22 14:15:00,TP2,0.0046121168210243235,112284.01,113375.28117495889,4.512686636002659
short,2025-08-27 14:45:00,2025-08-27 17:15:00,SL,0.009268669945758702,111815.93000000001,112349.65374194345,-5.9857676107402265
short,2025-08-31 01:00:00,2025-08-31 01:30:00,SL,0.00949029859455043,109141.6,109349.19090954552,-3.0068711400467683
short,2025-09-01 08:15:00,2025-09-01 10:30:00,TP1,0.004730860291871756,109439.47,108718.74029780917,2.8936335220453
short,2025-09-01 08:15:00,2025-09-01 21:30:00,TP2,0.004730860291871756,109439.47,107998.00059561834,6.305057219334286
long,2025-09-14 14:00:00,2025-09-14 14:15:00,SL,0.00896715951211714,115577.90999999999,115449.53,-2.1870338912435456
long,2025-09-15 01:15:00,2025-09-15 04:15:00,TP1,0.0044987243104820576,115164.51999999999,115615.92080287504,1.511618975953295
long,2025-09-15 01:15:00,2025-09-15 04:30:00,TP2,0.0044987243104820576,115164.51999999999,116067.33160575009,3.5413763424850466
long,2025-09-15 18:45:00,2025-09-16 17:15:00,TP1,0.004495325343081032,115307.79999999999,116693.54999999999,5.707936320032534
long,2025-09-15 18:45:00,2025-09-22 00:45:00,SL,0.004495325343081032,115307.79999999999,114383.94,-4.669320821417969
short,2025-09-24 15:45:00,2025-09-24 16:30:00,SL,0.009147145500339663,113346.40000000001,113706.32953209268,-4.330769976560539
short,2025-09-28 12:30:00,2025-09-28 13:30:00,SL,0.009486799573957927,109242.63,109585.45,-4.2902536980012
long,2025-10-09 15:45:00,2025-10-09 16:00:00,SL,0.00855103822394702,121147.15,121145.43000000001,-1.0506343422244449
short,2025-10-19 04:00:00,2025-10-19 06:30:00,TP1,0.004838518801162692,107039.87000000001,106591.08000000002,1.6546501687311497
short,2025-10-19 04:00:00,2025-10-19 09:15:00,TP2,0.004838518801162692,107039.87000000001,106142.28000000001,3.8272631703119613
short,2025-11-09 14:30:00,2025-11-09 15:30:00,SL,0.01002803284584369,103347.99,103831.19098761343,-5.884355190890929
short,2025-11-23 02:00:00,2025-11-23 02:30:00,SL,0.012068912673765895,85822.86,86290.70492119415,-6.684991291259272
long,2025-11-28 17:45:00,2025-11-30 13:15:00,TP1,0.005708551452587242,90663.98999999999,91704.11824766078,5.417096754439631
long,2025-11-28 17:45:00,2025-12-01 00:00:00,SL,0.005708551452587242,90663.98999999999,89970.54450155947,-4.474150074570844
short,2025-12-25 08:00:00,2025-12-25 08:15:00,TP1,0.005895747627533903,87793.31000000001,87531.975,1.0239283896988824
short,2025-12-25 08:00:00,2025-12-25 10:30:00,TP2,0.005895747627533903,87793.31000000001,87270.63000000002,2.5655229654985106
short,2025-12-26 14:30:00,2025-12-26 15:15:00,TP1,0.005856922400042716,88405.93000000001,86663.15,9.694644212243087
short,2025-12-26 14:30:00,2025-12-29 03:30:00,SL,0.005856922400042716,88405.93000000001,89567.81,-7.326230190374261
long,2026-01-07 14:30:00,2026-01-07 15:00:00,SL,0.01127812627750803,91842.4,91599.94,-3.768937434825286
long,2026-01-11 23:00:00,2026-01-12 00:15:00,TP1,0.005706934320037502,90717.12,91236.575,2.4452966738885227
long,2026-01-11 23:00:00,2026-01-12 01:00:00,TP2,0.005706934320037502,90717.12,91756.04,5.408367034128505
long,2026-01-12 14:30:00,2026-01-12 15:30:00,TP1,0.005705705522710319,90805.48,91458.75,3.2073932349692216
long,2026-01-12 14:30:00,2026-01-12 16:15:00,TP2,0.005705705522710319,90805.48,92112.03000000001,6.9329528271935565
long,2026-01-16 15:00:00,2026-01-16 15:15:00,SL,0.01085256144669479,95574.92,95261.37,-4.438351923353316
long,2026-01-18 13:30:00,2026-01-18 14:45:00,SL,0.010894495812809827,95166.29999999999,95021.38,-2.61482977489623
short,2026-01-22 13:30:00,2026-01-22 15:15:00,TP1,0.00578272466473699,89622.75,88733.13999999998,4.628678186894702
short,2026-01-22 13:30:00,2026-01-23 16:30:00,SL,0.00578272466473699,89622.75,90215.84999999999,-3.9497125526013432
short,2026-01-27 17:00:00,2026-01-27 20:15:00,SL,0.01177731825918198,88016.24,89010.06,-12.746981970012861
short,2026-01-28 12:15:00,2026-01-28 13:00:00,SL,0.01152049832659037,89867.69,90210.56464301985,-4.987382366775583
short,2026-02-03 01:00:00,2026-02-03 02:45:00,TP1,0.0065553146150333,78929.99,78284.92499999999,3.7133074071462073
short,2026-02-03 01:00:00,2026-02-03 14:45:00,TP2,0.0065553146150333,78929.99,77639.84999999999,7.944091317226441
short,2026-02-08 23:15:00,2026-02-09 10:30:00,TP1,0.0073459718695205135,70513.99,68977.84999999999,10.772089661311515
short,2026-02-08 23:15:00,2026-02-11 04:30:00,TP2,0.0073459718695205135,70513.99,67441.69999999998,22.062246606019198
short,2026-02-20 13:00:00,2026-02-21 14:15:00,SL,0.015478418412728054,67143.23000000001,68318.45,-19.238913167971592
short,2026-02-21 21:30:00,2026-02-22 13:30:00,TP1,0.007595175654934162,68289.87000000001,67736.875,3.6835206502784232
short,2026-02-21 21:30:00,2026-02-23 00:30:00,TP2,0.007595175654934162,68289.87000000001,67183.87000000001,7.885790848391742
long,2026-03-06 05:45:00,2026-03-06 06:00:00,SL,0.014743896566752677,70436.2,70343.97,-2.3976537129164686
short,2026-04-04 16:45:00,2026-04-04 19:15:00,SL,0.015412136030826716,67366.67,67524.77977353096,-3.476292024114897
long,2026-04-09 01:30:00,2026-04-09 08:30:00,TP1,0.007333556603998126,70764.89,71275.77651612426,3.225783550233834
long,2026-04-09 01:30:00,2026-04-09 15:30:00,TP2,0.007333556603998126,70764.89,71786.67303224851,6.970598725756588
long,2026-04-15 07:45:00,2026-04-15 08:30:00,TP1,0.007045504482334575,73730.43999999999,74149.68888229737,2.4328748239957507
long,2026-04-15 07:45:00,2026-04-15 19:00:00,TP2,0.007045504482334575,73730.43999999999,74568.94776459475,5.385288213313267
long,2026-05-07 01:00:00,2026-05-07 03:15:00,SL,0.01281205639859369,81151.54,80866.22584888898,-4.693351372166266
long,2026-05-08 07:30:00,2026-05-08 10:45:00,TP1,0.006529515405876634,79580.84999999999,80179.955,3.3902850084864125
long,2026-05-08 07:30:00,2026-05-09 17:00:00,TP2,0.006529515405876634,79580.84999999999,80779.07,7.30025966556703
short,2026-05-21 01:15:00,2026-05-21 04:00:00,SL,0.013358475034062308,77876.99,78129.16761332536,-4.410710532575022
short,2026-05-31 01:30:00,2026-05-31 01:45:00,SL,0.014038340762921193,74074.05,74143.81999999999,-2.0198215181360415
short,2026-05-31 23:00:00,2026-05-31 23:15:00,TP1,0.007030911288520308,73935.99,73803.93999999999,0.4090586648481294
short,2026-05-31 23:00:00,2026-05-31 23:30:00,TP2,0.007030911288520308,73935.99,73671.87999999998,1.3380250606825883
short,2026-06-11 14:00:00,2026-06-11 17:30:00,SL,0.01655969490413738,62794.0,63257.270000000004,-8.715295144979315
short,2026-06-20 00:45:00,2026-06-20 05:00:00,SL,0.016354131155295208,63530.0,63740.52925985765,-4.4837225915989904
short,2026-06-27 19:15:00,2026-06-28 19:45:00,TP1,0.008608021668858835,60323.36,59396.595,7.462337218522551
short,2026-06-27 19:15:00,2026-06-30 12:45:00,TP2,0.008608021668858835,60323.36,58469.82000000001,15.444025350320226
short,2026-07-01 15:30:00,2026-07-01 21:30:00,SL,0.01728222119873038,60224.909999999996,60691.81357569136,-9.113985655306745
long,2026-07-06 15:00:00,2026-07-06 15:45:00,TP1,0.008321398156905543,62484.020000000004,63129.78403193291,4.851018386445779
long,2026-07-06 15:00:00,2026-07-06 16:00:00,TP2,0.008321398156905543,62484.020000000004,63775.558063865814,10.222074354130141
long,2026-07-08 02:30:00,2026-07-08 05:30:00,SL,0.016537762205814228,62972.01,62623.687723526244,-6.799006870823397
long,2026-07-12 09:30:00,2026-07-13 00:30:00,SL,0.016259491424109287,64007.920000000006,63640.77,-7.0074236665387595
short,2026-07-13 00:30:00,2026-07-13 03:00:00,TP1,0.008152538542934112,63785.99,63059.924999999996,5.402214791649853
short,2026-07-13 00:30:00,2026-07-13 13:30:00,TP2,0.008152538542934112,63785.99,62333.84999999999,11.324528891422053
long,2026-07-23 02:30:00,2026-07-23 03:00:00,SL,0.015836242018156078,65780.01,65691.87,-2.4368166266112543
short,2026-07-26 04:45:00,2026-07-26 05:30:00,TP1,0.008069608474300468,64530.049999999996,64406.0928651578,0.48005345021844376
short,2026-07-26 04:45:00,2026-07-26 12:00:00,SL,0.008069608474300468,64530.049999999996,64612.714756561465,-1.1881379945114887
short,2026-07-27 13:45:00,2026-07-27 14:15:00,TP1,0.007984021955194417,65217.36,64895.350000000006,2.0515235431471908
short,2026-07-27 13:45:00,2026-07-27 14:30:00,TP2,0.007984021955194417,65217.36,64573.33,4.623823800533935
short,2026-07-29 16:30:00,2026-07-30 11:45:00,SL,0.016360149627451734,63695.09,64718.93000000001,-17.800611885301656
short,2026-07-31 01:30:00,2026-07-31 01:45:00,TP1,0.00802381458385763,64824.6,64579.45,1.4478810934325885
short,2026-07-31 01:30:00,2026-07-31 02:30:00,TP2,0.00802381458385763,64824.6,64334.28999999999,3.4159830360028427
short,2026-08-16 09:30:00,2026-08-16 16:00:00,SL,0.01652012211681967,62999.99,63158.86000000001,-3.6666316047580723
long,2026-08-30 23:45:00,2026-08-31 08:00:00,TP1,0.006696536720650908,77682.01,78339.01345040204,3.877247474847059
long,2026-08-30 23:45:00,2026-08-31 17:30:00,TP2,0.006696536720650908,77682.01,78996.02690080408,8.274762314077577
